lemma,pos,ner
the,DT,O
idea,NNS,O
of,IN,O
my,PRP$,O
friend,NN,O
Watson,NNP,PERSON
",",",",O
though,IN,O
limit,VBN,O
",",",",O
be,VBP,O
exceedingly,RB,O
pertinacious,JJ,O
.,.,O
for,IN,O
a,DT,O
long,JJ,O
time,NN,O
he,PRP,O
have,VBZ,O
worry,VBN,O
I,PRP,O
to,TO,O
write,VB,O
a,DT,O
experience,NN,O
of,IN,O
my,PRP$,O
own,JJ,O
.,.,O
perhaps,RB,O
I,PRP,O
have,VBP,O
rather,RB,O
invite,VBN,O
this,DT,O
persecution,NN,O
",",",",O
since,IN,O
I,PRP,O
have,VBP,O
often,RB,O
have,VBN,O
occasion,NN,O
to,TO,O
point,VB,O
out,RP,O
to,IN,O
he,PRP,O
how,WRB,O
superficial,JJ,O
be,VBP,O
he,PRP$,O
own,JJ,O
account,NNS,O
and,CC,O
to,TO,O
accuse,VB,O
he,PRP,O
of,IN,O
pander,VBG,O
to,IN,O
popular,JJ,O
taste,NN,O
instead,RB,O
of,IN,O
confine,VBG,O
himself,PRP,O
rigidly,RB,O
to,IN,O
fact,NNS,O
and,CC,O
figure,NNS,O
.,.,O
"""",``,O
try,VB,O
it,PRP,O
yourself,PRP,O
",",",",O
Holmes,NNP,PERSON
!,.,O
"""",'',O
he,PRP,O
have,VBZ,O
retort,VBN,O
",",",",O
and,CC,O
I,PRP,O
be,VBP,O
compel,VBN,O
to,TO,O
admit,VB,O
that,IN,O
",",",",O
have,VBG,O
take,VBN,O
my,PRP$,O
pen,NN,O
in,IN,O
my,PRP$,O
hand,NN,O
",",",",O
I,PRP,O
do,VBP,O
begin,VB,O
to,TO,O
realize,VB,O
that,IN,O
the,DT,O
matter,NN,O
must,MD,O
be,VB,O
present,VBN,O
in,IN,O
such,PDT,O
a,DT,O
way,NN,O
as,IN,O
may,MD,O
interest,VB,O
the,DT,O
reader,NN,O
.,.,O
the,DT,O
follow,VBG,O
case,NN,O
can,MD,O
hardly,RB,O
fail,VB,O
to,TO,O
do,VB,O
so,RB,O
",",",",O
as,IN,O
it,PRP,O
be,VBZ,O
among,IN,O
the,DT,O
strangest,JJS,O
happening,NNS,O
in,IN,O
my,PRP$,O
collection,NN,O
",",",",O
though,IN,O
it,PRP,O
chance,VBD,O
that,IN,O
Watson,NNP,PERSON
have,VBD,O
no,DT,O
note,NN,O
of,IN,O
it,PRP,O
in,IN,O
he,PRP$,O
collection,NN,O
.,.,O
speak,VBG,O
of,IN,O
my,PRP$,O
old,JJ,O
friend,NN,O
and,CC,O
biographer,NN,O
",",",",O
I,PRP,O
would,MD,O
take,VB,O
this,DT,O
opportunity,NN,O
to,TO,O
remark,VB,O
that,IN,O
if,IN,O
I,PRP,O
burden,VBP,O
myself,PRP,O
with,IN,O
a,DT,O
companion,NN,O
in,IN,O
my,PRP$,O
various,JJ,O
little,JJ,O
inquiry,NNS,O
it,PRP,O
be,VBZ,O
not,RB,O
do,VBN,O
out,IN,O
of,IN,O
sentiment,NN,O
or,CC,O
caprice,NN,O
",",",",O
but,CC,O
it,PRP,O
be,VBZ,O
that,IN,O
Watson,NNP,PERSON
have,VBZ,O
some,DT,O
remarkable,JJ,O
characteristic,NNS,O
of,IN,O
he,PRP$,O
own,JJ,O
to,TO,O
which,WDT,O
in,IN,O
he,PRP$,O
modesty,NN,O
he,PRP,O
have,VBZ,O
give,VBN,O
small,JJ,O
attention,NN,O
amid,IN,O
he,PRP$,O
exaggerated,JJ,O
estimate,NNS,O
of,IN,O
my,PRP$,O
own,JJ,O
performance,NNS,O
.,.,O
a,DT,O
confederate,NN,O
who,WP,O
foresee,VBZ,O
you,PRP$,O
conclusion,NNS,O
and,CC,O
course,NN,O
of,IN,O
action,NN,O
be,VBZ,O
always,RB,O
dangerous,JJ,O
",",",",O
but,CC,O
one,CD,O
to,IN,O
whom,WP,O
each,DT,O
development,NN,O
come,VBZ,O
as,IN,O
a,DT,O
perpetual,JJ,O
surprise,NN,O
",",",",O
and,CC,O
to,TO,O
whom,WP,O
the,DT,O
future,NN,O
be,VBZ,O
always,RB,O
a,DT,O
closed,JJ,O
book,NN,O
",",",",O
be,VBZ,O
indeed,RB,O
a,DT,O
ideal,JJ,O
helpmate,NN,O
.,.,O
I,PRP,O
find,VBP,O
from,IN,O
my,PRP$,O
notebook,NN,O
that,IN,O
it,PRP,O
be,VBD,O
in,IN,O
January,NNP,DATE
",",",",DATE
1903,CD,DATE
",",",",O
just,RB,O
after,IN,O
the,DT,O
conclusion,NN,O
of,IN,O
the,DT,O
Boer,NNP,MISC
War,NNP,MISC
",",",",O
that,IN,O
I,PRP,O
have,VBD,O
my,PRP$,O
visit,NN,O
from,IN,O
Mr.,NNP,PERSON
James,NNP,PERSON
M.,NNP,PERSON
Dodd,NNP,PERSON
",",",",O
a,DT,O
big,JJ,O
",",",",O
fresh,JJ,O
",",",",O
sunburned,JJ,O
",",",",O
upstanding,JJ,O
Briton,NNP,MISC
.,.,O
the,DT,O
good,JJ,O
Watson,NNP,PERSON
have,VBD,O
at,IN,O
that,DT,O
time,NN,O
desert,VBD,O
I,PRP,O
for,IN,O
a,DT,O
wife,NN,O
",",",",O
the,DT,O
only,JJ,O
selfish,JJ,O
action,NN,O
which,WDT,O
I,PRP,O
can,MD,O
recall,VB,O
in,IN,O
we,PRP$,O
association,NN,O
.,.,O
I,PRP,O
be,VBD,O
alone,RB,O
.,.,O
it,PRP,O
be,VBZ,O
my,PRP$,O
habit,NN,O
to,TO,O
sit,VB,O
with,IN,O
my,PRP$,O
back,NN,O
to,IN,O
the,DT,O
window,NN,O
and,CC,O
to,TO,O
place,VB,O
my,PRP$,O
visitor,NNS,O
in,IN,O
the,DT,O
opposite,JJ,O
chair,NN,O
",",",",O
where,WRB,O
the,DT,O
light,NN,O
fall,VBZ,O
full,JJ,O
upon,IN,O
they,PRP,O
.,.,O
Mr.,NNP,PERSON
James,NNP,PERSON
M.,NNP,PERSON
Dodd,NNP,PERSON
seem,VBD,O
somewhat,RB,O
at,IN,O
a,DT,O
loss,NN,O
how,WRB,O
to,TO,O
begin,VB,O
the,DT,O
interview,NN,O
.,.,O
I,PRP,O
do,VBD,O
not,RB,O
attempt,VB,O
to,TO,O
help,VB,O
he,PRP,O
",",",",O
for,IN,O
he,PRP$,O
silence,NN,O
give,VBD,O
I,PRP,O
more,JJR,O
time,NN,O
for,IN,O
observation,NN,O
.,.,O
I,PRP,O
have,VBP,O
find,VBN,O
it,PRP,O
wise,JJ,O
to,TO,O
impress,VB,O
client,NNS,O
with,IN,O
a,DT,O
sense,NN,O
of,IN,O
power,NN,O
",",",",O
and,CC,O
so,RB,O
I,PRP,O
give,VBD,O
he,PRP,O
some,DT,O
of,IN,O
my,PRP$,O
conclusion,NNS,O
.,.,O
"""",``,O
from,IN,O
South,NNP,LOCATION
Africa,NNP,LOCATION
",",",",O
sir,NNP,O
",",",",O
I,PRP,O
perceive,VBP,O
.,.,O
"""",'',O
"""",``,O
yes,UH,O
",",",",O
sir,NN,O
",",",",O
"""",'',O
he,PRP,O
answer,VBD,O
",",",",O
with,IN,O
some,DT,O
surprise,NN,O
.,.,O
"""",``,O
Imperial,NNP,O
Yeomanry,NNP,O
",",",",O
I,PRP,O
fancy,VBP,O
.,.,O
"""",'',O
"""",``,O
exactly,RB,O
.,.,O
"""",'',O
"""",``,O
Middlesex,NNP,LOCATION
Corps,NNP,ORGANIZATION
",",",",O
no,DT,O
doubt,NN,O
.,.,O
"""",'',O
"""",``,O
that,DT,O
be,VBZ,O
so,RB,O
.,.,O
Mr.,NNP,PERSON
Holmes,NNP,PERSON
",",",",O
you,PRP,O
be,VBP,O
a,DT,O
wizard,NN,O
.,.,O
"""",``,O
I,PRP,O
smile,VBD,O
at,IN,O
he,PRP$,O
bewilder,VBN,O
expression,NN,O
.,.,O
"""",'',O
when,WRB,O
a,DT,O
gentleman,NN,O
of,IN,O
virile,JJ,O
appearance,NN,O
enter,VBZ,O
my,PRP$,O
room,NN,O
with,IN,O
such,JJ,O
tan,NN,O
upon,IN,O
he,PRP$,O
face,NN,O
as,IN,O
a,DT,O
English,NNP,MISC
sun,NN,O
could,MD,O
never,RB,O
give,VB,O
",",",",O
and,CC,O
with,IN,O
he,PRP$,O
handkerchief,NN,O
in,IN,O
he,PRP$,O
sleeve,NN,O
instead,RB,O
of,IN,O
in,IN,O
he,PRP$,O
pocket,NN,O
",",",",O
it,PRP,O
be,VBZ,O
not,RB,O
difficult,JJ,O
to,TO,O
place,VB,O
he,PRP,O
.,.,O
you,PRP,O
wear,VBP,O
a,DT,O
short,JJ,O
beard,NN,O
",",",",O
which,WDT,O
show,VBZ,O
that,IN,O
you,PRP,O
be,VBD,O
not,RB,O
a,DT,O
regular,JJ,O
.,.,O
you,PRP,O
have,VBP,O
the,DT,O
cut,NN,O
of,IN,O
a,DT,O
riding,NN,O
-,HYPH,O
man,NN,O
.,.,O
as,IN,O
to,IN,O
Middlesex,NNP,LOCATION
",",",",O
you,PRP$,O
card,NN,O
have,VBZ,O
already,RB,O
show,VBN,O
I,PRP,O
that,IN,O
you,PRP,O
be,VBP,O
a,DT,O
stockbroker,NN,O
from,IN,O
Throgmorton,NNP,LOCATION
Street,NNP,LOCATION
.,.,O
what,WDT,O
other,JJ,O
regiment,NN,O
would,MD,O
you,PRP,O
join,VB,O
?,.,O
"""",``,O
"""",``,O
you,PRP,O
see,VBP,O
everything,NN,O
.,.,O
"""",``,O
"""",``,O
I,PRP,O
see,VBP,O
no,DT,O
more,JJR,O
than,IN,O
you,PRP,O
",",",",O
but,CC,O
I,PRP,O
have,VBP,O
train,VBN,O
myself,PRP,O
to,TO,O
notice,VB,O
what,WP,O
I,PRP,O
see,VBP,O
.,.,O
however,RB,O
",",",",O
Mr.,NNP,PERSON
Dodd,NNP,PERSON
",",",",O
it,PRP,O
be,VBD,O
not,RB,O
to,TO,O
discuss,VB,O
the,DT,O
science,NN,O
of,IN,O
observation,NN,O
that,IN,O
you,PRP,O
call,VBN,O
upon,IN,O
I,PRP,O
this,DT,TIME
morning,NN,TIME
.,.,O
what,WP,O
have,VBZ,O
be,VBN,O
happen,VBG,O
at,IN,O
Tuxbury,NNP,LOCATION
Old,NNP,LOCATION
Park,NNP,LOCATION
?,.,O
"""",``,O
"""",``,O
Mr.,NNP,PERSON
Holmes,NNP,PERSON
--,:,O
!,.,O
"""",``,O
"""",``,O
my,PRP$,O
dear,JJ,O
sir,NN,O
",",",",O
there,EX,O
be,VBZ,O
no,DT,O
mystery,NN,O
.,.,O
you,PRP$,O
letter,NN,O
come,VBD,O
with,IN,O
that,DT,O
heading,NN,O
",",",",O
and,CC,O
as,IN,O
you,PRP,O
fix,VBD,O
this,DT,O
appointment,NN,O
in,IN,O
very,RB,O
pressing,JJ,O
term,NNS,O
it,PRP,O
be,VBD,O
clear,JJ,O
that,IN,O
something,NN,O
sudden,JJ,O
and,CC,O
important,JJ,O
have,VBD,O
occur,VBN,O
.,.,O
"""",``,O
"""",``,O
yes,UH,O
",",",",O
indeed,RB,O
.,.,O
but,CC,O
the,DT,O
letter,NN,O
be,VBD,O
write,VBN,O
in,IN,O
the,DT,O
afternoon,NN,TIME
",",",",O
and,CC,O
a,DT,O
good,JJ,O
deal,NN,O
have,VBZ,O
happen,VBN,O
since,IN,O
then,RB,O
.,.,O
if,IN,O
Colonel,NNP,O
Emsworth,NNP,PERSON
have,VBD,O
not,RB,O
kick,VBN,O
I,PRP,O
out,RP,O
--,:,O
"""",``,O
"""",``,O
kick,VBN,O
you,PRP,O
out,RP,O
!,.,O
"""",``,O
"""",``,O
well,UH,O
",",",",O
that,DT,O
be,VBD,O
what,WP,O
it,PRP,O
amount,VBD,O
to,IN,O
.,.,O
he,PRP,O
be,VBZ,O
a,DT,O
hard,JJ,O
nail,NN,O
",",",",O
be,VBZ,O
Colonel,NNP,O
Emsworth,NNP,PERSON
.,.,O
the,DT,O
greatest,JJS,O
martinet,NN,O
in,IN,O
the,DT,O
Army,NNP,ORGANIZATION
in,IN,O
he,PRP$,O
day,NN,O
",",",",O
and,CC,O
it,PRP,O
be,VBD,O
a,DT,O
day,NN,O
of,IN,O
rough,JJ,O
language,NN,O
",",",",O
too,RB,O
.,.,O
I,PRP,O
could,MD,O
not,RB,O
have,VB,O
stick,VBN,O
the,DT,O
colonel,NN,O
if,IN,O
it,PRP,O
have,VBD,O
not,RB,O
be,VBN,O
for,IN,O
Godfrey,NNP,PERSON
's,POS,O
sake,NN,O
.,.,O
"""",``,O
I,PRP,O
light,VBD,O
my,PRP$,O
pipe,NN,O
and,CC,O
lean,VBD,O
back,RB,O
in,IN,O
my,PRP$,O
chair,NN,O
.,.,O
"""",'',O
perhaps,RB,O
you,PRP,O
will,MD,O
explain,VB,O
what,WP,O
you,PRP,O
be,VBP,O
talk,VBG,O
about,IN,O
.,.,O
"""",``,O
my,PRP$,O
client,NN,O
grin,VBD,O
mischievously,RB,O
.,.,O
"""",'',O
I,PRP,O
have,VBD,O
get,VBN,O
into,IN,O
the,DT,O
way,NN,O
of,IN,O
suppose,VBG,O
that,IN,O
you,PRP,O
know,VBD,O
everything,NN,O
without,IN,O
be,VBG,O
tell,VBN,O
",",",",O
"""",'',O
say,VBD,O
he,PRP,O
.,.,O
"""",'',O
but,CC,O
I,PRP,O
will,MD,O
give,VB,O
you,PRP,O
the,DT,O
fact,NNS,O
",",",",O
and,CC,O
I,PRP,O
hope,VBP,O
to,IN,O
God,NNP,O
that,IN,O
you,PRP,O
will,MD,O
be,VB,O
able,JJ,O
to,TO,O
tell,VB,O
I,PRP,O
what,WP,O
they,PRP,O
mean,VBP,O
.,.,O
I,PRP,O
have,VBP,O
be,VBN,O
awake,JJ,O
all,DT,O
night,NN,O
puzzle,VBG,O
my,PRP$,O
brain,NN,O
",",",",O
and,CC,O
the,DT,O
more,RBR,O
I,PRP,O
think,VBP,O
the,DT,O
more,RBR,O
incredible,JJ,O
do,VBZ,O
it,PRP,O
become,VB,O
.,.,O
"""",``,O
when,WRB,O
I,PRP,O
join,VBD,O
up,RP,O
in,IN,O
January,NNP,DATE
",",",",DATE
1901,CD,DATE
--,:,O
just,RB,O
two,CD,O
year,NNS,O
ago,IN,O
--,:,O
young,JJ,O
Godfrey,NNP,PERSON
Emsworth,NNP,PERSON
have,VBD,O
join,VBN,O
the,DT,O
same,JJ,O
squadron,NN,O
.,.,O
he,PRP,O
be,VBD,O
Colonel,NNP,O
Emsworth,NNP,PERSON
's,POS,O
only,JJ,O
son,NN,O
--,:,O
Emsworth,NNP,O
",",",",O
the,DT,O
Crimean,NNP,MISC
V.,NNP,O
C.,NNP,O
--,:,O
and,CC,O
he,PRP,O
have,VBD,O
the,DT,O
fighting,NN,O
blood,NN,O
in,IN,O
he,PRP,O
",",",",O
so,IN,O
it,PRP,O
be,VBZ,O
no,DT,O
wonder,NN,O
he,PRP,O
volunteer,VBD,O
.,.,O
there,EX,O
be,VBD,O
not,RB,O
a,DT,O
finer,JJR,O
lad,NN,O
in,IN,O
the,DT,O
regiment,NN,O
.,.,O
we,PRP,O
form,VBD,O
a,DT,O
friendship,NN,O
--,:,O
the,DT,O
sort,NN,O
of,IN,O
friendship,NN,O
which,WDT,O
can,MD,O
only,RB,O
be,VB,O
make,VBN,O
when,WRB,O
one,CD,O
live,VBZ,O
the,DT,O
same,JJ,O
life,NN,O
and,CC,O
share,NNS,O
the,DT,O
same,JJ,O
joy,NNS,O
and,CC,O
sorrow,NNS,O
.,.,O
he,PRP,O
be,VBD,O
my,PRP$,O
mate,NN,O
--,:,O
and,CC,O
that,DT,O
mean,VBZ,O
a,DT,O
good,JJ,O
deal,NN,O
in,IN,O
the,DT,O
Army,NNP,ORGANIZATION
.,.,O
we,PRP,O
take,VBD,O
the,DT,O
rough,JJ,O
and,CC,O
the,DT,O
smooth,JJ,O
together,RB,O
for,IN,O
a,DT,O
year,NN,O
of,IN,O
hard,JJ,O
fighting,NN,O
.,.,O
then,RB,O
he,PRP,O
be,VBD,O
hit,VBN,O
with,IN,O
a,DT,O
bullet,NN,O
from,IN,O
a,DT,O
elephant,NN,O
gun,NN,O
in,IN,O
the,DT,O
action,NN,O
near,IN,O
Diamond,NNP,LOCATION
Hill,NNP,LOCATION
outside,IN,O
Pretoria,NNP,LOCATION
.,.,O
I,PRP,O
get,VBD,O
one,CD,O
letter,NN,O
from,IN,O
the,DT,O
hospital,NN,O
at,IN,O
Cape,NNP,LOCATION
Town,NNP,LOCATION
and,CC,O
one,CD,O
from,IN,O
Southampton,NNP,LOCATION
.,.,O
since,IN,O
then,RB,O
not,RB,O
a,DT,O
word,NN,O
--,:,O
not,RB,O
one,CD,O
word,NN,O
",",",",O
Mr.,NNP,PERSON
Holmes,NNP,PERSON
",",",",O
for,IN,O
six,CD,O
month,NNS,O
and,CC,O
more,JJR,O
",",",",O
and,CC,O
he,PRP,O
my,PRP$,O
closest,JJS,O
pal,NN,O
.,.,O
"""",``,O
well,UH,O
",",",",O
when,WRB,O
the,DT,O
war,NN,O
be,VBD,O
over,RB,O
",",",",O
and,CC,O
we,PRP,O
all,DT,O
get,VBD,O
back,RB,O
",",",",O
I,PRP,O
write,VBD,O
to,IN,O
he,PRP$,O
father,NN,O
and,CC,O
ask,VBD,O
where,WRB,O
Godfrey,NNP,PERSON
be,VBD,O
.,.,O
no,DT,O
answer,NN,O
.,.,O
I,PRP,O
wait,VBD,O
a,DT,O
bit,NN,O
and,CC,O
then,RB,O
I,PRP,O
write,VBD,O
again,RB,O
.,.,O
this,DT,O
time,NN,O
I,PRP,O
have,VBD,O
a,DT,O
reply,NN,O
",",",",O
short,JJ,O
and,CC,O
gruff,JJ,O
.,.,O
Godfrey,NNP,PERSON
have,VBD,O
go,VBN,O
on,IN,O
a,DT,O
voyage,NN,O
round,IN,O
the,DT,O
world,NN,O
",",",",O
and,CC,O
it,PRP,O
be,VBD,O
not,RB,O
likely,JJ,O
that,IN,O
he,PRP,O
would,MD,O
be,VB,O
back,RB,O
for,IN,O
a,DT,O
year,NN,O
.,.,O
that,DT,O
be,VBD,O
all,DT,O
.,.,O
"""",``,O
I,PRP,O
be,VBD,O
not,RB,O
satisfied,JJ,O
",",",",O
Mr.,NNP,PERSON
Holmes,NNP,PERSON
.,.,O
the,DT,O
whole,JJ,O
thing,NN,O
seem,VBD,O
to,IN,O
I,PRP,O
so,RB,O
damned,RB,O
unnatural,JJ,O
.,.,O
he,PRP,O
be,VBD,O
a,DT,O
good,JJ,O
lad,NN,O
",",",",O
and,CC,O
he,PRP,O
would,MD,O
not,RB,O
drop,VB,O
a,DT,O
pal,NN,O
like,IN,O
that,DT,O
.,.,O
it,PRP,O
be,VBD,O
not,RB,O
like,IN,O
he,PRP,O
.,.,O
then,RB,O
",",",",O
again,RB,O
",",",",O
I,PRP,O
happen,VBD,O
to,TO,O
know,VB,O
that,IN,O
he,PRP,O
be,VBD,O
heir,NN,O
to,IN,O
a,DT,O
lot,NN,O
of,IN,O
money,NN,O
",",",",O
and,CC,O
also,RB,O
that,IN,O
he,PRP$,O
father,NN,O
and,CC,O
he,PRP,O
do,VBD,O
not,RB,O
always,RB,O
hit,VB,O
it,PRP,O
off,RP,O
too,RB,O
well,RB,O
.,.,O
the,DT,O
old,JJ,O
man,NN,O
be,VBD,O
sometimes,RB,O
a,DT,O
bully,NN,O
",",",",O
and,CC,O
young,JJ,O
Godfrey,NNP,PERSON
have,VBD,O
too,RB,O
much,JJ,O
spirit,NN,O
to,TO,O
stand,VB,O
it,PRP,O
.,.,O
no,UH,O
",",",",O
I,PRP,O
be,VBD,O
not,RB,O
satisfied,JJ,O
",",",",O
and,CC,O
I,PRP,O
determine,VBD,O
that,IN,O
I,PRP,O
would,MD,O
get,VB,O
to,IN,O
the,DT,O
root,NN,O
of,IN,O
the,DT,O
matter,NN,O
.,.,O
it,PRP,O
happen,VBD,O
",",",",O
however,RB,O
",",",",O
that,IN,O
my,PRP$,O
own,JJ,O
affair,NNS,O
need,VBD,O
a,DT,O
lot,NN,O
of,IN,O
straighten,VBG,O
out,RP,O
",",",",O
after,IN,O
two,CD,O
year,NNS,O
',POS,O
absence,NN,O
",",",",O
and,CC,O
so,IN,O
it,PRP,O
be,VBZ,O
only,RB,O
this,DT,O
week,NN,O
that,IN,O
I,PRP,O
have,VBP,O
be,VBN,O
able,JJ,O
to,TO,O
take,VB,O
up,RP,O
Godfrey,NNP,PERSON
's,POS,O
case,NN,O
again,RB,O
.,.,O
but,CC,O
since,IN,O
I,PRP,O
have,VBP,O
take,VBN,O
it,PRP,O
up,RP,O
I,PRP,O
mean,VBP,O
to,TO,O
drop,VB,O
everything,NN,O
in,IN,O
order,NN,O
to,TO,O
see,VB,O
it,PRP,O
through,IN,O
.,.,O
"""",``,O
Mr.,NNP,PERSON
James,NNP,PERSON
M.,NNP,PERSON
Dodd,NNP,PERSON
appear,VBD,O
to,TO,O
be,VB,O
the,DT,O
sort,NN,O
of,IN,O
person,NN,O
whom,WP,O
it,PRP,O
would,MD,O
be,VB,O
better,JJR,O
to,TO,O
have,VB,O
as,IN,O
a,DT,O
friend,NN,O
than,IN,O
as,IN,O
a,DT,O
enemy,NN,O
.,.,O
he,PRP$,O
blue,JJ,O
eye,NNS,O
be,VBD,O
stern,JJ,O
and,CC,O
he,PRP$,O
square,JJ,O
jaw,NN,O
have,VBD,O
set,VBN,O
hard,RB,O
as,IN,O
he,PRP,O
speak,VBD,O
.,.,O
"""",``,O
well,UH,O
",",",",O
what,WP,O
have,VBP,O
you,PRP,O
do,VBN,O
?,.,O
"""",'',O
I,PRP,O
ask,VBD,O
.,.,O
"""",``,O
my,PRP$,O
first,JJ,O
move,NN,O
be,VBD,O
to,TO,O
get,VB,O
down,RP,O
to,IN,O
he,PRP$,O
home,NN,O
",",",",O
Tuxbury,NNP,LOCATION
Old,NNP,LOCATION
Park,NNP,LOCATION
",",",",O
near,IN,O
Bedford,NNP,LOCATION
",",",",O
and,CC,O
to,TO,O
see,VB,O
for,IN,O
myself,PRP,O
how,WRB,O
the,DT,O
ground,NN,O
lay,VBD,O
.,.,O
I,PRP,O
write,VBD,O
to,IN,O
the,DT,O
mother,NN,O
",",",",O
therefore,RB,O
--,:,O
I,PRP,O
have,VBD,O
have,VBN,O
quite,RB,O
enough,RB,O
of,IN,O
the,DT,O
curmudgeon,NN,O
of,IN,O
a,DT,O
father,NN,O
--,:,O
and,CC,O
I,PRP,O
make,VBD,O
a,DT,O
clean,JJ,O
frontal,JJ,O
attack,NN,O
:,:,O
Godfrey,NNP,PERSON
be,VBD,O
my,PRP$,O
chum,NN,O
",",",",O
I,PRP,O
have,VBD,O
a,DT,O
great,JJ,O
deal,NN,O
of,IN,O
interest,NN,O
which,WDT,O
I,PRP,O
might,MD,O
tell,VB,O
she,PRP$,O
of,IN,O
we,PRP$,O
common,JJ,O
experience,NNS,O
",",",",O
I,PRP,O
should,MD,O
be,VB,O
in,IN,O
the,DT,O
neighbourhood,NN,O
",",",",O
would,MD,O
there,RB,O
be,VB,O
any,DT,O
objection,NN,O
",",",",O
et,NN,O
cetera,NN,O
?,.,O
in,IN,O
reply,NN,O
I,PRP,O
have,VBD,O
quite,PDT,O
a,DT,O
amiable,JJ,O
answer,NN,O
from,IN,O
she,PRP,O
and,CC,O
a,DT,O
offer,NN,O
to,TO,O
put,VB,O
I,PRP,O
up,RP,O
for,IN,O
the,DT,O
night,NN,O
.,.,O
that,DT,O
be,VBD,O
what,WP,O
take,VBD,O
I,PRP,O
down,RP,O
on,IN,O
Monday,NNP,DATE
.,.,O
"""",``,O
Tuxbury,NNP,MISC
Old,NNP,MISC
Hall,NNP,MISC
be,VBZ,O
inaccessible,JJ,O
--,:,O
five,CD,O
mile,NNS,O
from,IN,O
anywhere,RB,O
.,.,O
there,EX,O
be,VBD,O
no,DT,O
trap,NN,O
at,IN,O
the,DT,O
station,NN,O
",",",",O
so,RB,O
I,PRP,O
have,VBD,O
to,TO,O
walk,VB,O
",",",",O
carry,VBG,O
my,PRP$,O
suitcase,NN,O
",",",",O
and,CC,O
it,PRP,O
be,VBD,O
nearly,RB,O
dark,JJ,O
before,IN,O
I,PRP,O
arrive,VBD,O
.,.,O
it,PRP,O
be,VBZ,O
a,DT,O
great,JJ,O
wander,VBG,O
house,NN,O
",",",",O
stand,VBG,O
in,IN,O
a,DT,O
considerable,JJ,O
park,NN,O
.,.,O
I,PRP,O
should,MD,O
judge,VB,O
it,PRP,O
be,VBD,O
of,IN,O
all,DT,O
sort,NNS,O
of,IN,O
age,NNS,O
and,CC,O
style,NNS,O
",",",",O
start,VBG,O
on,IN,O
a,DT,O
half,NN,O
-,HYPH,O
timbered,JJ,O
elizabethan,JJ,MISC
foundation,NN,O
and,CC,O
end,VBG,O
in,IN,O
a,DT,O
victorian,JJ,MISC
portico,NN,O
.,.,O
inside,IN,O
it,PRP,O
be,VBD,O
all,DT,O
panelling,NN,O
and,CC,O
tapestry,NN,O
and,CC,O
half,NN,O
-,HYPH,O
effaced,JJ,O
old,JJ,O
picture,NNS,O
",",",",O
a,DT,O
house,NN,O
of,IN,O
shadow,NNS,O
and,CC,O
mystery,NN,O
.,.,O
there,EX,O
be,VBD,O
a,DT,O
butler,NN,O
",",",",O
old,JJ,O
Ralph,NNP,PERSON
",",",",O
who,WP,O
seem,VBD,O
about,IN,O
the,DT,O
same,JJ,O
age,NN,O
as,IN,O
the,DT,O
house,NN,O
",",",",O
and,CC,O
there,EX,O
be,VBD,O
he,PRP$,O
wife,NN,O
",",",",O
who,WP,O
might,MD,O
have,VB,O
be,VBN,O
older,JJR,O
.,.,O
she,PRP,O
have,VBD,O
be,VBN,O
Godfrey,NNP,PERSON
's,POS,O
nurse,NN,O
",",",",O
and,CC,O
I,PRP,O
have,VBD,O
hear,VBN,O
he,PRP,O
speak,VB,O
of,IN,O
she,PRP,O
as,IN,O
second,JJ,O
only,RB,O
to,IN,O
he,PRP$,O
mother,NN,O
in,IN,O
he,PRP$,O
affection,NNS,O
",",",",O
so,RB,O
I,PRP,O
be,VBD,O
draw,VBN,O
to,IN,O
she,PRP,O
in,IN,O
spite,NN,O
of,IN,O
she,PRP$,O
queer,NN,O
appearance,NN,O
.,.,O
the,DT,O
mother,NN,O
I,PRP,O
like,VBD,O
also,RB,O
--,:,O
a,DT,O
gentle,JJ,O
little,JJ,O
white,JJ,O
mouse,NN,O
of,IN,O
a,DT,O
woman,NN,O
.,.,O
it,PRP,O
be,VBD,O
only,RB,O
the,DT,O
colonel,NN,O
himself,PRP,O
whom,WP,O
I,PRP,O
bar,VBD,O
.,.,O
"""",``,O
we,PRP,O
have,VBD,O
a,DT,O
bit,NN,O
of,IN,O
barney,NN,O
right,RB,O
away,RB,O
",",",",O
and,CC,O
I,PRP,O
should,MD,O
have,VB,O
walk,VBD,O
back,RB,O
to,IN,O
the,DT,O
station,NN,O
if,IN,O
I,PRP,O
have,VBD,O
not,RB,O
feel,VBN,O
that,IN,O
it,PRP,O
might,MD,O
be,VB,O
play,VBG,O
he,PRP$,O
game,NN,O
for,IN,O
I,PRP,O
to,TO,O
do,VB,O
so,RB,O
.,.,O
I,PRP,O
be,VBD,O
show,VBN,O
straight,RB,O
into,IN,O
he,PRP$,O
study,NN,O
",",",",O
and,CC,O
there,RB,O
I,PRP,O
find,VBD,O
he,PRP,O
",",",",O
a,DT,O
huge,JJ,O
",",",",O
bow,JJ,O
-,HYPH,O
back,VBN,O
man,NN,O
with,IN,O
a,DT,O
smoky,JJ,O
skin,NN,O
and,CC,O
a,DT,O
straggle,VBG,O
gray,JJ,O
beard,NN,O
",",",",O
seat,VBN,O
behind,IN,O
he,PRP$,O
litter,VBN,O
desk,NN,O
.,.,O
a,DT,O
red,JJ,O
-,HYPH,O
veined,JJ,O
nose,NN,O
jut,VBN,O
out,RP,O
like,IN,O
a,DT,O
vulture,NN,O
's,POS,O
beak,NN,O
",",",",O
and,CC,O
two,CD,O
fierce,JJ,O
gray,JJ,O
eye,NNS,O
glare,VBD,O
at,IN,O
I,PRP,O
from,IN,O
under,IN,O
tuft,VBN,O
brow,NNS,O
.,.,O
I,PRP,O
could,MD,O
understand,VB,O
now,RB,O
why,WRB,O
Godfrey,NNP,PERSON
seldom,RB,O
speak,VBD,O
of,IN,O
he,PRP$,O
father,NN,O
.,.,O
"""",``,O
',``,O
well,UH,O
",",",",O
sir,NN,O
",",",",O
','',O
say,VBD,O
he,PRP,O
in,IN,O
a,DT,O
rasping,JJ,O
voice,NN,O
",",",",O
','',O
I,PRP,O
should,MD,O
be,VB,O
interested,JJ,O
to,TO,O
know,VB,O
the,DT,O
real,JJ,O
reason,NNS,O
for,IN,O
this,DT,O
visit,NN,O
.,.,O
','',O
"""",'',O
I,PRP,O
answer,VBD,O
that,IN,O
I,PRP,O
have,VBD,O
explain,VBN,O
they,PRP,O
in,IN,O
my,PRP$,O
letter,NN,O
to,IN,O
he,PRP$,O
wife,NN,O
.,.,O
"""",``,O
',``,O
yes,UH,O
",",",",O
yes,UH,O
",",",",O
you,PRP,O
say,VBD,O
that,IN,O
you,PRP,O
have,VBD,O
know,VBN,O
Godfrey,NNP,PERSON
in,IN,O
Africa,NNP,LOCATION
.,.,O
we,PRP,O
have,VBP,O
",",",",O
of,IN,O
course,NN,O
",",",",O
only,RB,O
you,PRP$,O
word,NN,O
for,IN,O
that,DT,O
.,.,O
',``,O
"""",``,O
',``,O
I,PRP,O
have,VBP,O
he,PRP$,O
letter,NNS,O
to,IN,O
I,PRP,O
in,IN,O
my,PRP$,O
pocket,NN,O
.,.,O
',``,O
"""",``,O
','',O
kindly,RB,O
let,VB,O
I,PRP,O
see,VB,O
they,PRP,O
.,.,O
',``,O
"""",``,O
he,PRP,O
glance,VBD,O
at,IN,O
the,DT,O
two,CD,O
which,WDT,O
I,PRP,O
hand,VBD,O
he,PRP,O
",",",",O
and,CC,O
then,RB,O
he,PRP,O
toss,VBD,O
they,PRP,O
back,RB,O
.,.,O
"""",'',O
','',O
well,UH,O
",",",",O
what,WP,O
then,RB,O
?,.,O
',``,O
he,PRP,O
ask,VBD,O
.,.,O
"""",``,O
',``,O
I,PRP,O
be,VBD,O
fond,JJ,O
of,IN,O
you,PRP$,O
son,NN,O
Godfrey,NNP,PERSON
",",",",O
sir,NNP,O
.,.,O
many,JJ,O
tie,NNS,O
and,CC,O
memory,NNS,O
unite,VBD,O
we,PRP,O
.,.,O
be,VBZ,O
it,PRP,O
not,RB,O
natural,JJ,O
that,IN,O
I,PRP,O
should,MD,O
wonder,VB,O
at,IN,O
he,PRP$,O
sudden,JJ,O
silence,NN,O
and,CC,O
should,MD,O
wish,VB,O
to,TO,O
know,VB,O
what,WP,O
have,VBZ,O
become,VBN,O
of,IN,O
he,PRP,O
?,.,O
',``,O
"""",``,O
',``,O
I,PRP,O
have,VBP,O
some,DT,O
recollection,NNS,O
",",",",O
sir,NN,O
",",",",O
that,IN,O
I,PRP,O
have,VBD,O
already,RB,O
correspond,VBN,O
with,IN,O
you,PRP,O
and,CC,O
have,VBD,O
tell,VBN,O
you,PRP,O
what,WP,O
have,VBD,O
become,VBN,O
of,IN,O
he,PRP,O
.,.,O
he,PRP,O
have,VBZ,O
go,VBN,O
upon,IN,O
a,DT,O
voyage,NN,O
round,IN,O
the,DT,O
world,NN,O
.,.,O
he,PRP$,O
health,NN,O
be,VBD,O
in,IN,O
a,DT,O
poor,JJ,O
way,NN,O
after,IN,O
he,PRP$,O
african,JJ,MISC
experience,NNS,O
",",",",O
and,CC,O
both,CC,O
he,PRP$,O
mother,NN,O
and,CC,O
I,PRP,O
be,VBD,O
of,IN,O
opinion,NN,O
that,IN,O
complete,JJ,O
rest,NN,O
and,CC,O
change,NN,O
be,VBD,O
need,VBN,O
.,.,O
kindly,RB,O
pass,VB,O
that,DT,O
explanation,NN,O
on,IN,O
to,IN,O
any,DT,O
other,JJ,O
friend,NNS,O
who,WP,O
may,MD,O
be,VB,O
interested,JJ,O
in,IN,O
the,DT,O
matter,NN,O
.,.,O
',``,O
"""",``,O
','',O
certainly,RB,O
",",",",O
','',O
I,PRP,O
answer,VBD,O
.,.,O
','',O
but,CC,O
perhaps,RB,O
you,PRP,O
would,MD,O
have,VB,O
the,DT,O
goodness,NN,O
to,TO,O
let,VB,O
I,PRP,O
have,VB,O
the,DT,O
name,NN,O
of,IN,O
the,DT,O
steamer,NN,O
and,CC,O
of,IN,O
the,DT,O
line,NN,O
by,IN,O
which,WDT,O
he,PRP,O
sail,VBD,O
",",",",O
together,RB,O
with,IN,O
the,DT,O
date,NN,O
.,.,O
I,PRP,O
have,VBP,O
no,DT,O
doubt,NN,O
that,IN,O
I,PRP,O
should,MD,O
be,VB,O
able,JJ,O
to,TO,O
get,VB,O
a,DT,O
letter,NN,O
through,IN,O
to,IN,O
he,PRP,O
.,.,O
',``,O
"""",``,O
my,PRP$,O
request,NN,O
seem,VBD,O
both,DT,O
to,IN,O
puzzle,NN,O
and,CC,O
to,TO,O
irritate,VB,O
my,PRP$,O
host,NN,O
.,.,O
he,PRP$,O
great,JJ,O
eyebrow,NNS,O
come,VBD,O
down,RP,O
over,IN,O
he,PRP$,O
eye,NNS,O
",",",",O
and,CC,O
he,PRP,O
tap,VBD,O
he,PRP$,O
finger,NNS,O
impatiently,RB,O
on,IN,O
the,DT,O
table,NN,O
.,.,O
he,PRP,O
look,VBD,O
up,RP,O
at,IN,O
last,JJ,O
with,IN,O
the,DT,O
expression,NN,O
of,IN,O
one,CD,O
who,WP,O
have,VBZ,O
see,VBN,O
he,PRP$,O
adversary,NN,O
make,VB,O
a,DT,O
dangerous,JJ,O
move,NN,O
at,IN,O
chess,NN,O
",",",",O
and,CC,O
have,VBZ,O
decide,VBN,O
how,WRB,O
to,TO,O
meet,VB,O
it,PRP,O
.,.,O
"""",``,O
',``,O
many,JJ,O
people,NNS,O
",",",",O
Mr.,NNP,PERSON
Dodd,NNP,PERSON
",",",",O
','',O
say,VBD,O
he,PRP,O
",",",",O
','',O
would,MD,O
take,VB,O
offence,NN,O
at,IN,O
you,PRP$,O
infernal,JJ,O
pertinacity,NN,O
and,CC,O
would,MD,O
think,VB,O
that,IN,O
this,DT,O
insistence,NN,O
have,VBD,O
reach,VBN,O
the,DT,O
point,NN,O
of,IN,O
damned,RB,O
impertinence,NN,O
.,.,O
','',O
"""",'',O
',``,O
you,PRP,O
must,MD,O
put,VB,O
it,PRP,O
down,RP,O
",",",",O
sir,NN,O
",",",",O
to,IN,O
my,PRP$,O
real,JJ,O
love,NN,O
for,IN,O
you,PRP$,O
son,NN,O
.,.,O
','',O
"""",``,O
',``,O
exactly,RB,O
.,.,O
I,PRP,O
have,VBP,O
already,RB,O
make,VBN,O
every,DT,O
allowance,NN,O
upon,IN,O
that,DT,O
score,NN,O
.,.,O
I,PRP,O
must,MD,O
ask,VB,O
you,PRP,O
",",",",O
however,RB,O
",",",",O
to,TO,O
drop,VB,O
these,DT,O
inquiry,NNS,O
.,.,O
every,DT,O
family,NN,O
have,VBZ,O
its,PRP$,O
own,JJ,O
inner,JJ,O
knowledge,NN,O
and,CC,O
its,PRP$,O
own,JJ,O
motive,NNS,O
",",",",O
which,WDT,O
can,MD,O
not,RB,O
always,RB,O
be,VB,O
make,VBN,O
clear,JJ,O
to,IN,O
outsider,NNS,O
",",",",O
however,RB,O
well,RB,O
-,HYPH,O
intention,VBN,O
.,.,O
my,PRP$,O
wife,NN,O
be,VBZ,O
anxious,JJ,O
to,TO,O
hear,VB,O
something,NN,O
of,IN,O
Godfrey,NNP,PERSON
's,POS,O
past,NN,O
which,WDT,O
you,PRP,O
be,VBP,O
in,IN,O
a,DT,O
position,NN,O
to,TO,O
tell,VB,O
she,PRP,O
",",",",O
but,CC,O
I,PRP,O
would,MD,O
ask,VB,O
you,PRP,O
to,TO,O
let,VB,O
the,DT,O
present,JJ,O
and,CC,O
the,DT,O
future,NN,O
alone,RB,O
.,.,O
such,JJ,O
inquiry,NNS,O
serve,VBP,O
no,DT,O
useful,JJ,O
purpose,NN,O
",",",",O
sir,NN,O
",",",",O
and,CC,O
place,VB,O
we,PRP,O
in,IN,O
a,DT,O
delicate,JJ,O
and,CC,O
difficult,JJ,O
position,NN,O
.,.,O
',``,O
"""",``,O
so,RB,O
I,PRP,O
come,VBD,O
to,IN,O
a,DT,O
dead,JJ,O
end,NN,O
",",",",O
Mr.,NNP,PERSON
Holmes,NNP,PERSON
.,.,O
there,EX,O
be,VBD,O
no,DT,O
get,VBG,O
past,JJ,O
it,PRP,O
.,.,O
I,PRP,O
could,MD,O
only,RB,O
pretend,VB,O
to,TO,O
accept,VB,O
the,DT,O
situation,NN,O
and,CC,O
register,VB,O
a,DT,O
vow,NN,O
inwardly,RB,O
that,IN,O
I,PRP,O
would,MD,O
never,RB,O
rest,VB,O
until,IN,O
my,PRP$,O
friend,NN,O
's,POS,O
fate,NN,O
have,VBD,O
be,VBN,O
clear,VBN,O
up,RP,O
.,.,O
it,PRP,O
be,VBD,O
a,DT,O
dull,JJ,O
evening,NN,O
.,.,O
we,PRP,O
dine,VBD,O
quietly,RB,O
",",",",O
the,DT,O
three,CD,O
of,IN,O
we,PRP,O
",",",",O
in,IN,O
a,DT,O
gloomy,JJ,O
",",",",O
fade,VBD,O
old,JJ,O
room,NN,O
.,.,O
the,DT,O
lady,NN,O
question,VBD,O
I,PRP,O
eagerly,RB,O
about,IN,O
she,PRP$,O
son,NN,O
",",",",O
but,CC,O
the,DT,O
old,JJ,O
man,NN,O
seem,VBD,O
morose,JJ,O
and,CC,O
depressed,JJ,O
.,.,O
I,PRP,O
be,VBD,O
so,RB,O
bored,JJ,O
by,IN,O
the,DT,O
whole,JJ,O
proceeding,NN,O
that,WDT,O
I,PRP,O
make,VBD,O
a,DT,O
excuse,NN,O
as,RB,O
soon,RB,O
as,IN,O
I,PRP,O
decently,RB,O
could,MD,O
and,CC,O
retire,VBN,O
to,IN,O
my,PRP$,O
bedroom,NN,O
.,.,O
it,PRP,O
be,VBD,O
a,DT,O
large,JJ,O
",",",",O
bare,JJ,O
room,NN,O
on,IN,O
the,DT,O
ground,NN,O
floor,NN,O
",",",",O
as,IN,O
gloomy,JJ,O
as,IN,O
the,DT,O
rest,NN,O
of,IN,O
the,DT,O
house,NN,O
",",",",O
but,CC,O
after,IN,O
a,DT,O
year,NN,O
of,IN,O
sleep,VBG,O
upon,IN,O
the,DT,O
veldt,NN,O
",",",",O
Mr.,NNP,PERSON
Holmes,NNP,PERSON
",",",",O
one,CD,O
be,VBZ,O
not,RB,O
too,RB,O
particular,JJ,O
about,IN,O
one,CD,O
's,POS,O
quarter,NNS,O
.,.,O
I,PRP,O
open,VBD,O
the,DT,O
curtain,NNS,O
and,CC,O
look,VBD,O
out,RP,O
into,IN,O
the,DT,O
garden,NN,O
",",",",O
remark,VBG,O
that,IN,O
it,PRP,O
be,VBD,O
a,DT,O
fine,JJ,O
night,NN,O
with,IN,O
a,DT,O
bright,JJ,O
half,NN,O
-,HYPH,O
moon,NN,O
.,.,O
then,RB,O
I,PRP,O
sit,VBD,O
down,RP,O
by,IN,O
the,DT,O
roar,VBG,O
fire,NN,O
with,IN,O
the,DT,O
lamp,NN,O
on,IN,O
a,DT,O
table,NN,O
beside,IN,O
I,PRP,O
",",",",O
and,CC,O
endeavour,VBD,O
to,IN,O
distract,VB,O
my,PRP$,O
mind,NN,O
with,IN,O
a,DT,O
novel,NN,O
.,.,O
I,PRP,O
be,VBD,O
interrupt,VBN,O
",",",",O
however,RB,O
",",",",O
by,IN,O
Ralph,NNP,PERSON
",",",",O
the,DT,O
old,JJ,O
butler,NN,O
",",",",O
who,WP,O
come,VBD,O
in,RP,O
with,IN,O
a,DT,O
fresh,JJ,O
supply,NN,O
of,IN,O
coal,NNS,O
.,.,O
"""",``,O
',``,O
I,PRP,O
think,VBD,O
you,PRP,O
might,MD,O
run,VB,O
short,JJ,O
in,IN,O
the,DT,O
night,NN,O
-,HYPH,O
time,NN,O
",",",",O
sir,NN,O
.,.,O
it,PRP,O
be,VBZ,O
bitter,JJ,O
weather,NN,O
and,CC,O
these,DT,O
room,NNS,O
be,VBP,O
cold,JJ,O
.,.,O
',``,O
"""",``,O
he,PRP,O
hesitate,VBD,O
before,IN,O
leave,VBG,O
the,DT,O
room,NN,O
",",",",O
and,CC,O
when,WRB,O
I,PRP,O
look,VBD,O
round,RB,O
he,PRP,O
be,VBD,O
stand,VBG,O
face,VBG,O
I,PRP,O
with,IN,O
a,DT,O
wistful,JJ,O
look,NN,O
upon,IN,O
he,PRP$,O
wrinkle,VBN,O
face,NN,O
.,.,O
"""",'',O
','',O
beg,VB,O
you,PRP$,O
pardon,NN,O
",",",",O
sir,NN,O
",",",",O
but,CC,O
I,PRP,O
could,MD,O
not,RB,O
help,VB,O
hear,VBG,O
what,WP,O
you,PRP,O
say,VBD,O
of,IN,O
young,JJ,O
Master,NNP,PERSON
Godfrey,NNP,PERSON
at,IN,O
dinner,NN,O
.,.,O
you,PRP,O
know,VBP,O
",",",",O
sir,NN,O
",",",",O
that,IN,O
my,PRP$,O
wife,NN,O
nurse,VBD,O
he,PRP,O
",",",",O
and,CC,O
so,RB,O
I,PRP,O
may,MD,O
say,VB,O
I,PRP,O
be,VBP,O
he,PRP$,O
foster,NN,O
-,HYPH,O
father,NN,O
.,.,O
it,PRP,O
be,VBZ,O
natural,JJ,O
we,PRP,O
should,MD,O
take,VB,O
a,DT,O
interest,NN,O
.,.,O
and,CC,O
you,PRP,O
say,VBP,O
he,PRP,O
carry,VBD,O
himself,PRP,O
well,RB,O
",",",",O
sir,NN,O
?,.,O
',``,O
"""",``,O
','',O
there,EX,O
be,VBD,O
no,DT,O
braver,JJ,O
man,NN,O
in,IN,O
the,DT,O
regiment,NN,O
.,.,O
he,PRP,O
pull,VBD,O
I,PRP,O
out,RP,O
once,RB,O
from,IN,O
under,IN,O
the,DT,O
rifle,NNS,O
of,IN,O
the,DT,O
Boers,NNP,MISC
",",",",O
or,CC,O
maybe,RB,O
I,PRP,O
should,MD,O
not,RB,O
be,VB,O
here,RB,O
.,.,O
',``,O
"""",``,O
the,DT,O
old,JJ,O
butler,NN,O
rub,VBD,O
he,PRP$,O
skinny,JJ,O
hand,NNS,O
.,.,O
"""",'',O
','',O
yes,UH,O
",",",",O
sir,NN,O
",",",",O
yes,UH,O
",",",",O
that,DT,O
be,VBZ,O
Master,NNP,O
Godfrey,NNP,PERSON
all,RB,O
over,RB,O
.,.,O
he,PRP,O
be,VBD,O
always,RB,O
courageous,JJ,O
.,.,O
there,EX,O
be,VBZ,O
not,RB,O
a,DT,O
tree,NN,O
in,IN,O
the,DT,O
park,NN,O
",",",",O
sir,NN,O
",",",",O
that,IN,O
he,PRP,O
have,VBZ,O
not,RB,O
climb,VBN,O
.,.,O
nothing,NN,O
would,MD,O
stop,VB,O
he,PRP,O
.,.,O
he,PRP,O
be,VBD,O
a,DT,O
fine,JJ,O
boy,NN,O
--,:,O
and,CC,O
oh,UH,O
",",",",O
sir,NN,O
",",",",O
he,PRP,O
be,VBD,O
a,DT,O
fine,JJ,O
man,NN,O
.,.,O
',``,O
"""",``,O
I,PRP,O
spring,VBD,O
to,IN,O
my,PRP$,O
foot,NNS,O
.,.,O
"""",'',O
','',O
look,VB,O
here,RB,O
!,.,O
',``,O
I,PRP,O
cry,VBD,O
.,.,O
','',O
you,PRP,O
say,VBP,O
he,PRP,O
be,VBD,O
.,.,O
you,PRP,O
speak,VBP,O
as,IN,O
if,IN,O
he,PRP,O
be,VBD,O
dead,JJ,O
.,.,O
what,WP,O
be,VBZ,O
all,PDT,O
this,DT,O
mystery,NN,O
?,.,O
what,WP,O
have,VBZ,O
become,VBN,O
of,IN,O
Godfrey,NNP,PERSON
Emsworth,NNP,PERSON
?,.,O
',``,O
"""",``,O
I,PRP,O
grip,VBD,O
the,DT,O
old,JJ,O
man,NN,O
by,IN,O
the,DT,O
shoulder,NN,O
",",",",O
but,CC,O
he,PRP,O
shrink,VBD,O
away,RB,O
.,.,O
"""",'',O
','',O
I,PRP,O
do,VBP,O
not,RB,O
know,VB,O
what,WP,O
you,PRP,O
mean,VBP,O
",",",",O
sir,NN,O
.,.,O
ask,VB,O
the,DT,O
master,NN,O
about,IN,O
Master,NNP,PERSON
Godfrey,NNP,PERSON
.,.,O
he,PRP,O
know,VBZ,O
.,.,O
it,PRP,O
be,VBZ,O
not,RB,O
for,IN,O
I,PRP,O
to,TO,O
interfere,VB,O
.,.,O
',``,O
"""",``,O
he,PRP,O
be,VBD,O
leave,VBG,O
the,DT,O
room,NN,O
",",",",O
but,CC,O
I,PRP,O
hold,VBD,O
he,PRP$,O
arm,NN,O
.,.,O
"""",'',O
','',O
listen,VB,O
",",",",O
','',O
I,PRP,O
say,VBD,O
.,.,O
','',O
you,PRP,O
be,VBP,O
go,VBG,O
to,TO,O
answer,VB,O
one,CD,O
question,NN,O
before,IN,O
you,PRP,O
leave,VBP,O
if,IN,O
I,PRP,O
have,VBP,O
to,TO,O
hold,VB,O
you,PRP,O
all,DT,O
night,NN,O
.,.,O
be,VBZ,O
Godfrey,NNP,PERSON
dead,JJ,O
?,.,O
',``,O
"""",``,O
he,PRP,O
could,MD,O
not,RB,O
face,VB,O
my,PRP$,O
eye,NNS,O
.,.,O
he,PRP,O
be,VBD,O
like,IN,O
a,DT,O
man,NN,O
hypnotize,VBN,O
.,.,O
the,DT,O
answer,NN,O
be,VBD,O
drag,VBN,O
from,IN,O
he,PRP$,O
lip,NNS,O
.,.,O
it,PRP,O
be,VBD,O
a,DT,O
terrible,JJ,O
and,CC,O
unexpected,JJ,O
one,NN,O
.,.,O
"""",``,O
',``,O
I,PRP,O
wish,VBP,O
to,IN,O
God,NNP,O
he,PRP,O
be,VBD,O
!,.,O
','',O
he,PRP,O
cry,VBD,O
",",",",O
and,CC,O
",",",",O
tear,VBG,O
himself,PRP,O
free,JJ,O
",",",",O
he,PRP,O
dash,VBD,O
from,IN,O
the,DT,O
room,NN,O
.,.,O
"""",``,O
you,PRP,O
will,MD,O
think,VB,O
",",",",O
Mr.,NNP,PERSON
Holmes,NNP,PERSON
",",",",O
that,IN,O
I,PRP,O
return,VBD,O
to,IN,O
my,PRP$,O
chair,NN,O
in,IN,O
no,DT,O
very,RB,O
happy,JJ,O
state,NN,O
of,IN,O
mind,NN,O
.,.,O
the,DT,O
old,JJ,O
man,NN,O
's,POS,O
word,NNS,O
seem,VBD,O
to,IN,O
I,PRP,O
to,TO,O
bear,VB,O
only,RB,O
one,CD,O
interpretation,NN,O
.,.,O
clearly,RB,O
my,PRP$,O
poor,JJ,O
friend,NN,O
have,VBD,O
become,VBN,O
involved,JJ,O
in,IN,O
some,DT,O
criminal,JJ,O
or,CC,O
",",",",O
at,IN,O
the,DT,O
least,JJS,O
",",",",O
disreputable,JJ,O
transaction,NN,O
which,WDT,O
touch,VBD,O
the,DT,O
family,NN,O
honour,NN,O
.,.,O
that,DT,O
stern,JJ,O
old,JJ,O
man,NN,O
have,VBD,O
send,VBN,O
he,PRP$,O
son,NN,O
away,RB,O
and,CC,O
hide,VBN,O
he,PRP,O
from,IN,O
the,DT,O
world,NN,O
lest,IN,O
some,DT,O
scandal,NN,O
should,MD,O
come,VB,O
to,IN,O
light,NN,O
.,.,O
Godfrey,NNP,PERSON
be,VBD,O
a,DT,O
reckless,JJ,O
fellow,NN,O
.,.,O
he,PRP,O
be,VBD,O
easily,RB,O
influence,VBN,O
by,IN,O
those,DT,O
around,IN,O
he,PRP,O
.,.,O
no,RB,O
doubt,RB,O
he,PRP,O
have,VBD,O
fall,VBN,O
into,IN,O
bad,JJ,O
hand,NNS,O
and,CC,O
be,VBN,O
mislead,VBN,O
to,IN,O
he,PRP$,O
ruin,NN,O
.,.,O
it,PRP,O
be,VBD,O
a,DT,O
piteous,JJ,O
business,NN,O
",",",",O
if,IN,O
it,PRP,O
be,VBD,O
indeed,RB,O
so,RB,O
",",",",O
but,CC,O
even,RB,O
now,RB,O
it,PRP,O
be,VBD,O
my,PRP$,O
duty,NN,O
to,TO,O
hunt,VB,O
he,PRP,O
out,RP,O
and,CC,O
see,VB,O
if,IN,O
I,PRP,O
could,MD,O
aid,VB,O
he,PRP,O
.,.,O
I,PRP,O
be,VBD,O
anxiously,RB,O
ponder,VBG,O
the,DT,O
matter,NN,O
when,WRB,O
I,PRP,O
look,VBD,O
up,RP,O
",",",",O
and,CC,O
there,EX,O
be,VBD,O
Godfrey,NNP,PERSON
Emsworth,NNP,PERSON
stand,VBG,O
before,IN,O
I,PRP,O
.,.,O
"""",``,O
my,PRP$,O
client,NN,O
have,VBD,O
pause,VBN,O
as,IN,O
one,CD,O
in,IN,O
deep,JJ,O
emotion,NN,O
.,.,O
"""",'',O
pray,VB,O
continue,VB,O
",",",",O
"""",``,O
I,PRP,O
say,VBD,O
.,.,O
"""",'',O
you,PRP$,O
problem,NN,O
present,VBZ,O
some,DT,O
very,RB,O
unusual,JJ,O
feature,NNS,O
.,.,O
"""",``,O
"""",``,O
he,PRP,O
be,VBD,O
outside,IN,O
the,DT,O
window,NN,O
",",",",O
Mr.,NNP,PERSON
Holmes,NNP,PERSON
",",",",O
with,IN,O
he,PRP$,O
face,NN,O
press,VBD,O
against,IN,O
the,DT,O
glass,NN,O
.,.,O
I,PRP,O
have,VBP,O
tell,VBN,O
you,PRP,O
that,IN,O
I,PRP,O
look,VBD,O
out,RP,O
at,IN,O
the,DT,O
night,NN,TIME
.,.,O
when,WRB,O
I,PRP,O
do,VBD,O
so,RB,O
I,PRP,O
leave,VBD,O
the,DT,O
curtain,NNS,O
partly,RB,O
open,JJ,O
.,.,O
he,PRP$,O
figure,NN,O
be,VBD,O
frame,VBN,O
in,IN,O
this,DT,O
gap,NN,O
.,.,O
the,DT,O
window,NN,O
come,VBD,O
down,RP,O
to,IN,O
the,DT,O
ground,NN,O
and,CC,O
I,PRP,O
could,MD,O
see,VB,O
the,DT,O
whole,JJ,O
length,NN,O
of,IN,O
it,PRP,O
",",",",O
but,CC,O
it,PRP,O
be,VBD,O
he,PRP$,O
face,NN,O
which,WDT,O
hold,VBD,O
my,PRP$,O
gaze,NN,O
.,.,O
he,PRP,O
be,VBD,O
deadly,JJ,O
pale,JJ,O
--,:,O
never,RB,O
have,VBP,O
I,PRP,O
see,VBN,O
a,DT,O
man,NN,O
so,RB,O
white,JJ,O
.,.,O
I,PRP,O
reckon,VBP,O
ghost,NNS,O
may,MD,O
look,VB,O
like,IN,O
that,DT,O
;,:,O
but,CC,O
he,PRP$,O
eye,NNS,O
meet,VBD,O
mine,PRP,O
",",",",O
and,CC,O
they,PRP,O
be,VBD,O
the,DT,O
eye,NNS,O
of,IN,O
a,DT,O
live,VBG,O
man,NN,O
.,.,O
he,PRP,O
spring,VBD,O
back,RB,O
when,WRB,O
he,PRP,O
see,VBD,O
that,IN,O
I,PRP,O
be,VBD,O
look,VBG,O
at,IN,O
he,PRP,O
",",",",O
and,CC,O
he,PRP,O
vanish,VBD,O
into,IN,O
the,DT,O
darkness,NN,O
.,.,O
"""",``,O
there,EX,O
be,VBD,O
something,NN,O
shocking,JJ,O
about,IN,O
the,DT,O
man,NN,O
",",",",O
Mr.,NNP,PERSON
Holmes,NNP,PERSON
.,.,O
it,PRP,O
be,VBD,O
not,RB,O
merely,RB,O
that,IN,O
ghastly,JJ,O
face,NN,O
glimmer,VBG,O
as,IN,O
white,JJ,O
as,IN,O
cheese,NN,O
in,IN,O
the,DT,O
darkness,NN,O
.,.,O
it,PRP,O
be,VBD,O
more,RBR,O
subtle,JJ,O
than,IN,O
that,DT,O
--,:,O
something,NN,O
slink,VBG,O
",",",",O
something,NN,O
furtive,JJ,O
",",",",O
something,NN,O
guilty,JJ,O
--,:,O
something,NN,O
very,RB,O
unlike,IN,O
the,DT,O
frank,JJ,O
",",",",O
manly,JJ,O
lad,NN,O
that,WDT,O
I,PRP,O
have,VBD,O
know,VBN,O
.,.,O
it,PRP,O
leave,VBD,O
a,DT,O
feeling,NN,O
of,IN,O
horror,NN,O
in,IN,O
my,PRP$,O
mind,NN,O
.,.,O
"""",``,O
but,CC,O
when,WRB,O
a,DT,O
man,NN,O
have,VBZ,O
be,VBN,O
soldier,VBG,O
for,IN,O
a,DT,O
year,NN,O
or,CC,O
two,CD,O
with,IN,O
brother,NN,O
Boer,NNP,PERSON
as,IN,O
a,DT,O
playmate,NN,O
",",",",O
he,PRP,O
keep,VBZ,O
he,PRP$,O
nerve,NN,O
and,CC,O
act,VBZ,O
quickly,RB,O
.,.,O
Godfrey,NNP,PERSON
have,VBD,O
hardly,RB,O
vanish,VBN,O
before,IN,O
I,PRP,O
be,VBD,O
at,IN,O
the,DT,O
window,NN,O
.,.,O
there,EX,O
be,VBD,O
a,DT,O
awkward,JJ,O
catch,NN,O
",",",",O
and,CC,O
I,PRP,O
be,VBD,O
some,DT,O
little,JJ,O
time,NN,O
before,IN,O
I,PRP,O
could,MD,O
throw,VB,O
it,PRP,O
up,RP,O
.,.,O
then,RB,O
I,PRP,O
nip,VBD,O
through,IN,O
and,CC,O
run,VBD,O
down,RP,O
the,DT,O
garden,NN,O
path,NN,O
in,IN,O
the,DT,O
direction,NN,O
that,WDT,O
I,PRP,O
think,VBD,O
he,PRP,O
might,MD,O
have,VB,O
take,VBN,O
.,.,O
"""",``,O
it,PRP,O
be,VBD,O
a,DT,O
long,JJ,O
path,NN,O
and,CC,O
the,DT,O
light,NN,O
be,VBD,O
not,RB,O
very,RB,O
good,JJ,O
",",",",O
but,CC,O
it,PRP,O
seem,VBD,O
to,IN,O
I,PRP,O
something,NN,O
be,VBD,O
move,VBG,O
ahead,RB,O
of,IN,O
I,PRP,O
.,.,O
I,PRP,O
run,VBD,O
on,RB,O
and,CC,O
call,VBD,O
he,PRP$,O
name,NN,O
",",",",O
but,CC,O
it,PRP,O
be,VBD,O
no,DT,O
use,NN,O
.,.,O
when,WRB,O
I,PRP,O
get,VBD,O
to,IN,O
the,DT,O
end,NN,O
of,IN,O
the,DT,O
path,NN,O
there,EX,O
be,VBD,O
several,JJ,O
other,NNS,O
branch,VBG,O
in,IN,O
different,JJ,O
direction,NNS,O
to,IN,O
various,JJ,O
outhouse,NNS,O
.,.,O
I,PRP,O
stand,VBD,O
hesitate,VBG,O
",",",",O
and,CC,O
as,IN,O
I,PRP,O
do,VBD,O
so,RB,O
I,PRP,O
hear,VBD,O
distinctly,RB,O
the,DT,O
sound,NN,O
of,IN,O
a,DT,O
closing,NN,O
door,NN,O
.,.,O
it,PRP,O
be,VBD,O
not,RB,O
behind,IN,O
I,PRP,O
in,IN,O
the,DT,O
house,NN,O
",",",",O
but,CC,O
ahead,RB,O
of,IN,O
I,PRP,O
",",",",O
somewhere,RB,O
in,IN,O
the,DT,O
darkness,NN,O
.,.,O
that,DT,O
be,VBD,O
enough,RB,O
",",",",O
Mr.,NNP,PERSON
Holmes,NNP,PERSON
",",",",O
to,TO,O
assure,VB,O
I,PRP,O
that,IN,O
what,WP,O
I,PRP,O
have,VBD,O
see,VBN,O
be,VBD,O
not,RB,O
a,DT,O
vision,NN,O
.,.,O
Godfrey,NNP,PERSON
have,VBD,O
run,VBN,O
away,RB,O
from,IN,O
I,PRP,O
",",",",O
and,CC,O
he,PRP,O
have,VBD,O
shut,VBN,O
a,DT,O
door,NN,O
behind,IN,O
he,PRP,O
.,.,O
of,IN,O
that,DT,O
I,PRP,O
be,VBD,O
certain,JJ,O
.,.,O
"""",``,O
there,EX,O
be,VBD,O
nothing,NN,O
more,JJR,O
I,PRP,O
could,MD,O
do,VB,O
",",",",O
and,CC,O
I,PRP,O
spend,VBD,O
a,DT,O
uneasy,JJ,O
night,NN,O
turn,VBG,O
the,DT,O
matter,NN,O
over,IN,O
in,IN,O
my,PRP$,O
mind,NN,O
and,CC,O
try,VBG,O
to,TO,O
find,VB,O
some,DT,O
theory,NN,O
which,WDT,O
would,MD,O
cover,VB,O
the,DT,O
fact,NNS,O
.,.,O
next,JJ,O
day,NN,O
I,PRP,O
find,VBD,O
the,DT,O
colonel,NN,O
rather,RB,O
more,RBR,O
conciliatory,JJ,O
",",",",O
and,CC,O
as,IN,O
he,PRP$,O
wife,NN,O
remark,VBD,O
that,IN,O
there,EX,O
be,VBD,O
some,DT,O
place,NNS,O
of,IN,O
interest,NN,O
in,IN,O
the,DT,O
neighbourhood,NN,O
",",",",O
it,PRP,O
give,VBD,O
I,PRP,O
a,DT,O
opening,NN,O
to,TO,O
ask,VB,O
whether,IN,O
my,PRP$,O
presence,NN,O
for,IN,O
one,CD,O
more,JJR,O
night,NN,O
would,MD,O
incommode,VB,O
they,PRP,O
.,.,O
a,DT,O
somewhat,RB,O
grudging,JJ,O
acquiescence,NN,O
from,IN,O
the,DT,O
old,JJ,O
man,NN,O
give,VBD,O
I,PRP,O
a,DT,O
clear,JJ,O
day,NN,O
in,IN,O
which,WDT,O
to,TO,O
make,VB,O
my,PRP$,O
observation,NNS,O
.,.,O
I,PRP,O
be,VBD,O
already,RB,O
perfectly,RB,O
convinced,JJ,O
that,IN,O
Godfrey,NNP,PERSON
be,VBD,O
in,IN,O
hide,VBG,O
somewhere,RB,O
near,IN,O
",",",",O
but,CC,O
where,WRB,O
and,CC,O
why,WRB,O
remain,VBD,O
to,TO,O
be,VB,O
solve,VBN,O
.,.,O
"""",``,O
the,DT,O
house,NN,O
be,VBD,O
so,RB,O
large,JJ,O
and,CC,O
so,RB,O
ramble,VBG,O
that,IN,O
a,DT,O
regiment,NN,O
might,MD,O
be,VB,O
hide,VBN,O
away,RB,O
in,IN,O
it,PRP,O
and,CC,O
no,DT,O
one,NN,O
the,DT,O
wiser,JJR,O
.,.,O
if,IN,O
the,DT,O
secret,NN,O
lay,VBD,O
there,RB,O
it,PRP,O
be,VBD,O
difficult,JJ,O
for,IN,O
I,PRP,O
to,TO,O
penetrate,VB,O
it,PRP,O
.,.,O
but,CC,O
the,DT,O
door,NN,O
which,WDT,O
I,PRP,O
have,VBD,O
hear,VBN,O
close,NN,O
be,VBD,O
certainly,RB,O
not,RB,O
in,IN,O
the,DT,O
house,NN,O
.,.,O
I,PRP,O
must,MD,O
explore,VB,O
the,DT,O
garden,NN,O
and,CC,O
see,VB,O
what,WP,O
I,PRP,O
could,MD,O
find,VB,O
.,.,O
there,EX,O
be,VBD,O
no,DT,O
difficulty,NN,O
in,IN,O
the,DT,O
way,NN,O
",",",",O
for,IN,O
the,DT,O
old,JJ,O
people,NNS,O
be,VBD,O
busy,JJ,O
in,IN,O
they,PRP$,O
own,JJ,O
fashion,NN,O
and,CC,O
leave,VBD,O
I,PRP,O
to,IN,O
my,PRP$,O
own,JJ,O
device,NNS,O
.,.,O
"""",``,O
there,EX,O
be,VBD,O
several,JJ,O
small,JJ,O
outhouse,NNS,O
",",",",O
but,CC,O
at,IN,O
the,DT,O
end,NN,O
of,IN,O
the,DT,O
garden,NN,O
there,EX,O
be,VBD,O
a,DT,O
detach,VBN,O
building,NN,O
of,IN,O
some,DT,O
size,NN,O
--,:,O
large,JJ,O
enough,JJ,O
for,IN,O
a,DT,O
gardener,NN,O
's,POS,O
or,CC,O
a,DT,O
gamekeeper,NN,O
's,POS,O
residence,NN,O
.,.,O
could,MD,O
this,DT,O
be,VB,O
the,DT,O
place,NN,O
whence,IN,O
the,DT,O
sound,NN,O
of,IN,O
that,DT,O
shutting,NN,O
door,NN,O
have,VBD,O
come,VBN,O
?,.,O
I,PRP,O
approach,VBD,O
it,PRP,O
in,IN,O
a,DT,O
careless,JJ,O
fashion,NN,O
as,IN,O
though,IN,O
I,PRP,O
be,VBD,O
stroll,VBG,O
aimlessly,RB,O
round,IN,O
the,DT,O
grounds,NNS,O
.,.,O
as,IN,O
I,PRP,O
do,VBD,O
so,RB,O
",",",",O
a,DT,O
small,JJ,O
",",",",O
brisk,JJ,O
",",",",O
bearded,JJ,O
man,NN,O
in,IN,O
a,DT,O
black,JJ,O
coat,NN,O
and,CC,O
bowler,NN,O
hat,NN,O
--,:,O
not,RB,O
at,IN,O
all,PDT,O
the,DT,O
gardener,NN,O
type,NN,O
--,:,O
come,VBD,O
out,IN,O
of,IN,O
the,DT,O
door,NN,O
.,.,O
to,IN,O
my,PRP$,O
surprise,NN,O
",",",",O
he,PRP,O
lock,VBD,O
it,PRP,O
after,IN,O
he,PRP,O
and,CC,O
put,VB,O
the,DT,O
key,NN,O
in,IN,O
he,PRP$,O
pocket,NN,O
.,.,O
then,RB,O
he,PRP,O
look,VBD,O
at,IN,O
I,PRP,O
with,IN,O
some,DT,O
surprise,NN,O
on,IN,O
he,PRP$,O
face,NN,O
.,.,O
"""",``,O
',``,O
be,VBP,O
you,PRP,O
a,DT,O
visitor,NN,O
here,RB,O
?,.,O
','',O
he,PRP,O
ask,VBD,O
.,.,O
"""",``,O
I,PRP,O
explain,VBD,O
that,IN,O
I,PRP,O
be,VBD,O
and,CC,O
that,IN,O
I,PRP,O
be,VBD,O
a,DT,O
friend,NN,O
of,IN,O
Godfrey,NNP,PERSON
's,POS,O
.,.,O
"""",'',O
',``,O
what,WP,O
a,DT,O
pity,NN,O
that,IN,O
he,PRP,O
should,MD,O
be,VB,O
away,RB,O
on,IN,O
he,PRP$,O
travels,NNS,O
",",",",O
for,IN,O
he,PRP,O
would,MD,O
have,VB,O
so,RB,O
like,VBN,O
to,TO,O
see,VB,O
I,PRP,O
",",",",O
','',O
I,PRP,O
continue,VBD,O
.,.,O
"""",``,O
',``,O
quite,JJ,O
so,RB,O
.,.,O
exactly,RB,O
",",",",O
','',O
say,VBD,O
he,PRP,O
with,IN,O
a,DT,O
rather,RB,O
guilty,JJ,O
air,NN,O
.,.,O
','',O
no,RB,O
doubt,RB,O
you,PRP,O
will,MD,O
renew,VB,O
you,PRP$,O
visit,NN,O
at,IN,O
some,DT,O
more,JJR,O
propitious,JJ,O
time,NN,O
.,.,O
',``,O
he,PRP,O
pass,VBD,O
on,RP,O
",",",",O
but,CC,O
when,WRB,O
I,PRP,O
turn,VBD,O
I,PRP,O
observe,VBD,O
that,IN,O
he,PRP,O
be,VBD,O
stand,VBG,O
watch,VBG,O
I,PRP,O
",",",",O
half,RB,O
-,HYPH,O
conceal,VBN,O
by,IN,O
the,DT,O
laurel,NNS,O
at,IN,O
the,DT,O
far,JJ,O
end,NN,O
of,IN,O
the,DT,O
garden,NN,O
.,.,O
"""",``,O
I,PRP,O
have,VBD,O
a,DT,O
good,JJ,O
look,NN,O
at,IN,O
the,DT,O
little,JJ,O
house,NN,O
as,IN,O
I,PRP,O
pass,VBD,O
it,PRP,O
",",",",O
but,CC,O
the,DT,O
window,NNS,O
be,VBD,O
heavily,RB,O
curtained,JJ,O
",",",",O
and,CC,O
",",",",O
so,RB,O
far,RB,O
as,IN,O
one,PRP,O
could,MD,O
see,VB,O
",",",",O
it,PRP,O
be,VBD,O
empty,JJ,O
.,.,O
I,PRP,O
might,MD,O
spoil,VB,O
my,PRP$,O
own,JJ,O
game,NN,O
and,CC,O
even,RB,O
be,VB,O
order,VBN,O
off,IN,O
the,DT,O
premise,NNS,O
if,IN,O
I,PRP,O
be,VBD,O
too,RB,O
audacious,JJ,O
",",",",O
for,IN,O
I,PRP,O
be,VBD,O
still,RB,O
conscious,JJ,O
that,IN,O
I,PRP,O
be,VBD,O
be,VBG,O
watch,VBN,O
.,.,O
therefore,RB,O
",",",",O
I,PRP,O
stroll,VBD,O
back,RB,O
to,IN,O
the,DT,O
house,NN,O
and,CC,O
wait,VBD,O
for,IN,O
night,NN,O
before,IN,O
I,PRP,O
go,VBD,O
on,RP,O
with,IN,O
my,PRP$,O
inquiry,NN,O
.,.,O
when,WRB,O
all,DT,O
be,VBD,O
dark,JJ,O
and,CC,O
quiet,JJ,O
I,PRP,O
slip,VBD,O
out,IN,O
of,IN,O
my,PRP$,O
window,NN,O
and,CC,O
make,VBD,O
my,PRP$,O
way,NN,O
as,IN,O
silently,RB,O
as,IN,O
possible,JJ,O
to,IN,O
the,DT,O
mysterious,JJ,O
lodge,NN,O
.,.,O
"""",``,O
I,PRP,O
have,VBP,O
say,VBN,O
that,IN,O
it,PRP,O
be,VBD,O
heavily,RB,O
curtained,JJ,O
",",",",O
but,CC,O
now,RB,O
I,PRP,O
find,VBD,O
that,IN,O
the,DT,O
window,NNS,O
be,VBD,O
shutter,VBN,O
as,RB,O
well,RB,O
.,.,O
some,DT,O
light,NN,O
",",",",O
however,RB,O
",",",",O
be,VBD,O
break,VBG,O
through,IN,O
one,CD,O
of,IN,O
they,PRP,O
",",",",O
so,RB,O
I,PRP,O
concentrate,VBD,O
my,PRP$,O
attention,NN,O
upon,IN,O
this,DT,O
.,.,O
I,PRP,O
be,VBD,O
in,IN,O
luck,NN,O
",",",",O
for,IN,O
the,DT,O
curtain,NN,O
have,VBD,O
not,RB,O
be,VBN,O
quite,RB,O
closed,JJ,O
",",",",O
and,CC,O
there,EX,O
be,VBD,O
a,DT,O
crack,NN,O
in,IN,O
the,DT,O
shutter,NN,O
",",",",O
so,IN,O
that,IN,O
I,PRP,O
could,MD,O
see,VB,O
the,DT,O
inside,NN,O
of,IN,O
the,DT,O
room,NN,O
.,.,O
it,PRP,O
be,VBD,O
a,DT,O
cheery,JJ,O
place,NN,O
enough,RB,O
",",",",O
a,DT,O
bright,JJ,O
lamp,NN,O
and,CC,O
a,DT,O
blaze,VBG,O
fire,NN,O
.,.,O
opposite,JJ,O
to,IN,O
I,PRP,O
be,VBD,O
seat,VBN,O
the,DT,O
little,JJ,O
man,NN,O
whom,WP,O
I,PRP,O
have,VBD,O
see,VBN,O
in,IN,O
the,DT,O
morning,NN,TIME
.,.,O
he,PRP,O
be,VBD,O
smoke,VBG,O
a,DT,O
pipe,NN,O
and,CC,O
read,VBG,O
a,DT,O
paper,NN,O
.,.,O
"""",``,O
"""",``,O
what,WDT,O
paper,NN,O
?,.,O
"""",``,O
I,PRP,O
ask,VBD,O
.,.,O
my,PRP$,O
client,NN,O
seem,VBD,O
annoyed,JJ,O
at,IN,O
the,DT,O
interruption,NN,O
of,IN,O
he,PRP$,O
narrative,NN,O
.,.,O
"""",``,O
can,MD,O
it,PRP,O
matter,VB,O
?,.,O
"""",'',O
he,PRP,O
ask,VBD,O
.,.,O
"""",``,O
it,PRP,O
be,VBZ,O
most,RBS,O
essential,JJ,O
.,.,O
"""",'',O
"""",``,O
I,PRP,O
really,RB,O
take,VBD,O
no,DT,O
notice,NN,O
.,.,O
"""",'',O
"""",``,O
possibly,RB,O
you,PRP,O
observe,VBD,O
whether,IN,O
it,PRP,O
be,VBD,O
a,DT,O
broad,JJ,O
-,HYPH,O
leafed,JJ,O
paper,NN,O
or,CC,O
of,IN,O
that,DT,O
smaller,JJR,O
type,NN,O
which,WDT,O
one,CD,O
associate,VBZ,O
with,IN,O
weekly,NNS,O
.,.,O
"""",'',O
"""",``,O
now,RB,O
that,IN,O
you,PRP,O
mention,VBP,O
it,PRP,O
",",",",O
it,PRP,O
be,VBD,O
not,RB,O
large,JJ,O
.,.,O
it,PRP,O
might,MD,O
have,VB,O
be,VBN,O
the,DT,O
Spectator,NNP,O
.,.,O
however,RB,O
",",",",O
I,PRP,O
have,VBD,O
little,JJ,O
thought,NN,O
to,TO,O
spare,VB,O
upon,IN,O
such,JJ,O
detail,NNS,O
",",",",O
for,IN,O
a,DT,O
second,JJ,O
man,NN,O
be,VBD,O
seat,VBN,O
with,IN,O
he,PRP$,O
back,NN,O
to,IN,O
the,DT,O
window,NN,O
",",",",O
and,CC,O
I,PRP,O
could,MD,O
swear,VB,O
that,IN,O
this,DT,O
second,JJ,O
man,NN,O
be,VBD,O
Godfrey,NNP,PERSON
.,.,O
I,PRP,O
could,MD,O
not,RB,O
see,VB,O
he,PRP$,O
face,NN,O
",",",",O
but,CC,O
I,PRP,O
know,VBD,O
the,DT,O
familiar,JJ,O
slope,NN,O
of,IN,O
he,PRP$,O
shoulder,NNS,O
.,.,O
he,PRP,O
be,VBD,O
lean,VBG,O
upon,IN,O
he,PRP$,O
elbow,NN,O
in,IN,O
a,DT,O
attitude,NN,O
of,IN,O
great,JJ,O
melancholy,JJ,O
",",",",O
he,PRP$,O
body,NN,O
turn,VBD,O
towards,IN,O
the,DT,O
fire,NN,O
.,.,O
I,PRP,O
be,VBD,O
hesitate,VBG,O
as,IN,O
to,IN,O
what,WP,O
I,PRP,O
should,MD,O
do,VB,O
when,WRB,O
there,EX,O
be,VBD,O
a,DT,O
sharp,JJ,O
tap,NN,O
on,IN,O
my,PRP$,O
shoulder,NN,O
",",",",O
and,CC,O
there,EX,O
be,VBD,O
Colonel,NNP,O
Emsworth,NNP,PERSON
beside,IN,O
I,PRP,O
.,.,O
"""",``,O
',``,O
this,DT,O
way,NN,O
",",",",O
sir,NN,O
!,.,O
','',O
say,VBD,O
he,PRP,O
in,IN,O
a,DT,O
low,JJ,O
voice,NN,O
.,.,O
he,PRP,O
walk,VBD,O
in,IN,O
silence,NN,O
to,IN,O
the,DT,O
house,NN,O
",",",",O
and,CC,O
I,PRP,O
follow,VBD,O
he,PRP,O
into,IN,O
my,PRP$,O
own,JJ,O
bedroom,NN,O
.,.,O
he,PRP,O
have,VBD,O
pick,VBN,O
up,RP,O
a,DT,O
time,NN,O
-,HYPH,O
table,NN,O
in,IN,O
the,DT,O
hall,NN,O
.,.,O
"""",``,O
',``,O
there,EX,O
be,VBZ,O
a,DT,O
train,NN,O
to,IN,O
London,NNP,LOCATION
at,IN,O
8.30,CD,O
",",",",O
','',O
say,VBD,O
he,PRP,O
.,.,O
',``,O
the,DT,O
trap,NN,O
will,MD,O
be,VB,O
at,IN,O
the,DT,O
door,NN,O
at,IN,O
eight,CD,O
.,.,O
','',O
"""",``,O
he,PRP,O
be,VBD,O
white,JJ,O
with,IN,O
rage,NN,O
",",",",O
and,CC,O
",",",",O
indeed,RB,O
",",",",O
I,PRP,O
feel,VBD,O
myself,PRP,O
in,IN,O
so,RB,O
difficult,JJ,O
a,DT,O
position,NN,O
that,WDT,O
I,PRP,O
could,MD,O
only,RB,O
stammer,VB,O
out,RP,O
a,DT,O
few,JJ,O
incoherent,JJ,O
apology,NNS,O
in,IN,O
which,WDT,O
I,PRP,O
try,VBD,O
to,TO,O
excuse,VB,O
myself,PRP,O
by,IN,O
urge,VBG,O
my,PRP$,O
anxiety,NN,O
for,IN,O
my,PRP$,O
friend,NN,O
.,.,O
"""",'',O
',``,O
the,DT,O
matter,NN,O
will,MD,O
not,RB,O
bear,VB,O
discussion,NN,O
",",",",O
','',O
say,VBD,O
he,PRP,O
abruptly,RB,O
.,.,O
',``,O
you,PRP,O
have,VBP,O
make,VBN,O
a,DT,O
most,RBS,O
damnable,JJ,O
intrusion,NN,O
into,IN,O
the,DT,O
privacy,NN,O
of,IN,O
we,PRP$,O
family,NN,O
.,.,O
you,PRP,O
be,VBD,O
here,RB,O
as,IN,O
a,DT,O
guest,NN,O
and,CC,O
you,PRP,O
have,VBP,O
become,VBN,O
a,DT,O
spy,NN,O
.,.,O
I,PRP,O
have,VBP,O
nothing,NN,O
more,JJR,O
to,TO,O
say,VB,O
",",",",O
sir,NN,O
",",",",O
save,VB,O
that,IN,O
I,PRP,O
have,VBP,O
no,DT,O
wish,NN,O
ever,RB,O
to,TO,O
see,VB,O
you,PRP,O
again,RB,O
.,.,O
',``,O
"""",``,O
at,IN,O
this,DT,O
I,PRP,O
lose,VBD,O
my,PRP$,O
temper,NN,O
",",",",O
Mr.,NNP,PERSON
Holmes,NNP,PERSON
",",",",O
and,CC,O
I,PRP,O
speak,VBD,O
with,IN,O
some,DT,O
warmth,NN,O
.,.,O
"""",'',O
','',O
I,PRP,O
have,VBP,O
see,VBN,O
you,PRP$,O
son,NN,O
",",",",O
and,CC,O
I,PRP,O
be,VBP,O
convinced,JJ,O
that,IN,O
for,IN,O
some,DT,O
reason,NN,O
of,IN,O
you,PRP$,O
own,JJ,O
you,PRP,O
be,VBP,O
conceal,VBG,O
he,PRP,O
from,IN,O
the,DT,O
world,NN,O
.,.,O
I,PRP,O
have,VBP,O
no,DT,O
idea,NN,O
what,WP,O
you,PRP$,O
motive,NNS,O
be,VBP,O
in,IN,O
cut,VBG,O
he,PRP,O
off,RP,O
in,IN,O
this,DT,O
fashion,NN,O
",",",",O
but,CC,O
I,PRP,O
be,VBP,O
sure,JJ,O
that,IN,O
he,PRP,O
be,VBZ,O
no,RB,O
longer,RBR,O
a,DT,O
free,JJ,O
agent,NN,O
.,.,O
I,PRP,O
warn,VBP,O
you,PRP,O
",",",",O
Colonel,NNP,O
Emsworth,NNP,PERSON
",",",",O
that,IN,O
until,IN,O
I,PRP,O
be,VBP,O
assure,VBN,O
as,IN,O
to,IN,O
the,DT,O
safety,NN,O
and,CC,O
well,RB,O
-,HYPH,O
be,VBG,O
of,IN,O
my,PRP$,O
friend,NN,O
I,PRP,O
shall,MD,O
never,RB,O
desist,VB,O
in,IN,O
my,PRP$,O
effort,NNS,O
to,TO,O
get,VB,O
to,IN,O
the,DT,O
bottom,NN,O
of,IN,O
the,DT,O
mystery,NN,O
",",",",O
and,CC,O
I,PRP,O
shall,MD,O
certainly,RB,O
not,RB,O
allow,VB,O
myself,PRP,O
to,TO,O
be,VB,O
intimidate,VBN,O
by,IN,O
anything,NN,O
which,WDT,O
you,PRP,O
may,MD,O
say,VB,O
or,CC,O
do,VB,O
.,.,O
',``,O
"""",``,O
the,DT,O
old,JJ,O
fellow,NN,O
look,VBD,O
diabolical,JJ,O
",",",",O
and,CC,O
I,PRP,O
really,RB,O
think,VBD,O
he,PRP,O
be,VBD,O
about,RB,O
to,TO,O
attack,VB,O
I,PRP,O
.,.,O
I,PRP,O
have,VBP,O
say,VBN,O
that,IN,O
he,PRP,O
be,VBD,O
a,DT,O
gaunt,JJ,O
",",",",O
fierce,JJ,O
old,JJ,O
giant,NN,O
",",",",O
and,CC,O
though,IN,O
I,PRP,O
be,VBP,O
no,DT,O
weakling,NN,O
I,PRP,O
might,MD,O
have,VB,O
be,VBN,O
hard,RB,O
put,VBN,O
to,IN,O
it,PRP,O
to,TO,O
hold,VB,O
my,PRP$,O
own,JJ,O
against,IN,O
he,PRP,O
.,.,O
however,RB,O
",",",",O
after,IN,O
a,DT,O
long,JJ,O
glare,NN,O
of,IN,O
rage,NN,O
he,PRP,O
turn,VBD,O
upon,IN,O
he,PRP$,O
heel,NN,O
and,CC,O
walk,VBD,O
out,IN,O
of,IN,O
the,DT,O
room,NN,O
.,.,O
for,IN,O
my,PRP$,O
part,NN,O
",",",",O
I,PRP,O
take,VBD,O
the,DT,O
appoint,VBN,O
train,NN,O
in,IN,O
the,DT,O
morning,NN,TIME
",",",",O
with,IN,O
the,DT,O
full,JJ,O
intention,NN,O
of,IN,O
come,VBG,O
straight,RB,O
to,IN,O
you,PRP,O
and,CC,O
ask,VBG,O
for,IN,O
you,PRP$,O
advice,NN,O
and,CC,O
assistance,NN,O
at,IN,O
the,DT,O
appointment,NN,O
for,IN,O
which,WDT,O
I,PRP,O
have,VBD,O
already,RB,O
write,VBN,O
.,.,O
"""",``,O
such,JJ,O
be,VBD,O
the,DT,O
problem,NN,O
which,WDT,O
my,PRP$,O
visitor,NN,O
lay,VBN,O
before,IN,O
I,PRP,O
.,.,O
it,PRP,O
present,VBD,O
",",",",O
as,IN,O
the,DT,O
astute,JJ,O
reader,NN,O
will,MD,O
have,VB,O
already,RB,O
perceive,VBN,O
",",",",O
few,JJ,O
difficulty,NNS,O
in,IN,O
its,PRP$,O
solution,NN,O
",",",",O
for,IN,O
a,DT,O
very,RB,O
limited,JJ,O
choice,NN,O
of,IN,O
alternative,NNS,O
must,MD,O
get,VB,O
to,IN,O
the,DT,O
root,NN,O
of,IN,O
the,DT,O
matter,NN,O
.,.,O
still,RB,O
",",",",O
elementary,JJ,O
as,IN,O
it,PRP,O
be,VBD,O
",",",",O
there,EX,O
be,VBD,O
point,NNS,O
of,IN,O
interest,NN,O
and,CC,O
novelty,NN,O
about,IN,O
it,PRP,O
which,WDT,O
may,MD,O
excuse,VB,O
my,PRP$,O
place,VBG,O
it,PRP,O
upon,IN,O
record,NN,O
.,.,O
I,PRP,O
now,RB,O
proceed,VBD,O
",",",",O
use,VBG,O
my,PRP$,O
familiar,JJ,O
method,NN,O
of,IN,O
logical,JJ,O
analysis,NN,O
",",",",O
to,TO,O
narrow,VB,O
down,RP,O
the,DT,O
possible,JJ,O
solution,NNS,O
.,.,O
"""",``,O
the,DT,O
servant,NNS,O
",",",",O
"""",'',O
I,PRP,O
ask,VBD,O
;,:,O
"""",``,O
how,WRB,O
many,JJ,O
be,VBD,O
in,IN,O
the,DT,O
house,NN,O
?,.,O
"""",'',O
"""",``,O
to,IN,O
the,DT,O
best,JJS,O
of,IN,O
my,PRP$,O
belief,NN,O
there,EX,O
be,VBD,O
only,RB,O
the,DT,O
old,JJ,O
butler,NN,O
and,CC,O
he,PRP$,O
wife,NN,O
.,.,O
they,PRP,O
seem,VBD,O
to,TO,O
live,VB,O
in,IN,O
the,DT,O
simplest,JJS,O
fashion,NN,O
.,.,O
"""",``,O
"""",``,O
there,EX,O
be,VBD,O
no,DT,O
servant,NN,O
",",",",O
then,RB,O
",",",",O
in,IN,O
the,DT,O
detach,VBN,O
house,NN,O
?,.,O
"""",``,O
"""",``,O
none,NN,O
",",",",O
unless,IN,O
the,DT,O
little,JJ,O
man,NN,O
with,IN,O
the,DT,O
beard,NN,O
act,VBD,O
as,IN,O
such,JJ,O
.,.,O
he,PRP,O
seem,VBD,O
",",",",O
however,RB,O
",",",",O
to,TO,O
be,VB,O
quite,PDT,O
a,DT,O
superior,JJ,O
person,NN,O
.,.,O
"""",``,O
"""",``,O
that,DT,O
seem,VBZ,O
very,RB,O
suggestive,JJ,O
.,.,O
have,VBD,O
you,PRP,O
any,DT,O
indication,NN,O
that,IN,O
food,NN,O
be,VBD,O
convey,VBN,O
from,IN,O
the,DT,O
one,CD,O
house,NN,O
to,IN,O
the,DT,O
other,JJ,O
?,.,O
"""",``,O
"""",``,O
now,RB,O
that,IN,O
you,PRP,O
mention,VBP,O
it,PRP,O
",",",",O
I,PRP,O
do,VBD,O
see,VB,O
old,JJ,O
Ralph,NNP,PERSON
carry,VBG,O
a,DT,O
basket,NN,O
down,IN,O
the,DT,O
garden,NN,O
walk,NN,O
and,CC,O
go,VBG,O
in,IN,O
the,DT,O
direction,NN,O
of,IN,O
this,DT,O
house,NN,O
.,.,O
the,DT,O
idea,NN,O
of,IN,O
food,NN,O
do,VBD,O
not,RB,O
occur,VB,O
to,IN,O
I,PRP,O
at,IN,O
the,DT,O
moment,NN,O
.,.,O
"""",``,O
"""",``,O
do,VBD,O
you,PRP,O
make,VB,O
any,DT,O
local,JJ,O
inquiry,NNS,O
?,.,O
"""",``,O
"""",``,O
yes,UH,O
",",",",O
I,PRP,O
do,VBD,O
.,.,O
I,PRP,O
speak,VBD,O
to,IN,O
the,DT,O
station,NN,O
-,HYPH,O
master,NN,O
and,CC,O
also,RB,O
to,IN,O
the,DT,O
innkeeper,NN,O
in,IN,O
the,DT,O
village,NN,O
.,.,O
I,PRP,O
simply,RB,O
ask,VBD,O
if,IN,O
they,PRP,O
know,VBD,O
anything,NN,O
of,IN,O
my,PRP$,O
old,JJ,O
comrade,NN,O
",",",",O
Godfrey,NNP,PERSON
Emsworth,NNP,PERSON
.,.,O
both,DT,O
of,IN,O
they,PRP,O
assure,VBD,O
I,PRP,O
that,IN,O
he,PRP,O
have,VBD,O
go,VBN,O
for,IN,O
a,DT,O
voyage,NN,O
round,IN,O
the,DT,O
world,NN,O
.,.,O
he,PRP,O
have,VBD,O
come,VBN,O
home,RB,O
and,CC,O
then,RB,O
have,VBD,O
almost,RB,O
at,IN,O
once,RB,O
start,VBD,O
off,RP,O
again,RB,O
.,.,O
the,DT,O
story,NN,O
be,VBD,O
evidently,RB,O
universally,RB,O
accept,VBN,O
.,.,O
"""",``,O
"""",``,O
you,PRP,O
say,VBD,O
nothing,NN,O
of,IN,O
you,PRP$,O
suspicion,NNS,O
?,.,O
"""",``,O
"""",``,O
nothing,NN,O
.,.,O
"""",``,O
"""",``,O
that,DT,O
be,VBD,O
very,RB,O
wise,JJ,O
.,.,O
the,DT,O
matter,NN,O
should,MD,O
certainly,RB,O
be,VB,O
inquire,VBN,O
into,IN,O
.,.,O
I,PRP,O
will,MD,O
go,VB,O
back,RB,O
with,IN,O
you,PRP,O
to,TO,O
Tuxbury,NNP,LOCATION
Old,NNP,LOCATION
Park,NNP,LOCATION
.,.,O
"""",``,O
"""",``,O
to,TO,O
-,HYPH,O
day,NN,O
?,.,O
"""",``,O
it,PRP,O
happen,VBD,O
that,IN,O
at,IN,O
the,DT,O
moment,NN,O
I,PRP,O
be,VBD,O
clear,VBG,O
up,RP,O
the,DT,O
case,NN,O
which,WDT,O
my,PRP$,O
friend,NN,O
Watson,NNP,PERSON
have,VBZ,O
describe,VBN,O
as,IN,O
that,DT,O
of,IN,O
the,DT,O
Abbey,NNP,ORGANIZATION
School,NNP,ORGANIZATION
",",",",O
in,IN,O
which,WDT,O
the,DT,O
Duke,NNP,O
of,IN,O
Greyminster,NNP,LOCATION
be,VBD,O
so,RB,O
deeply,RB,O
involved,JJ,O
.,.,O
I,PRP,O
have,VBD,O
also,RB,O
a,DT,O
commission,NN,O
from,IN,O
the,DT,O
Sultan,NNP,O
of,IN,O
Turkey,NNP,LOCATION
which,WDT,O
call,VBD,O
for,IN,O
immediate,JJ,O
action,NN,O
",",",",O
as,IN,O
political,JJ,O
consequence,NNS,O
of,IN,O
the,DT,O
gravest,JJS,O
kind,NN,O
might,MD,O
arise,VB,O
from,IN,O
its,PRP$,O
neglect,NN,O
.,.,O
therefore,RB,O
it,PRP,O
be,VBD,O
not,RB,O
until,IN,O
the,DT,O
beginning,NN,O
of,IN,O
the,DT,O
next,JJ,O
week,NN,O
",",",",O
as,IN,O
my,PRP$,O
diary,NN,O
record,NNS,O
",",",",O
that,IN,O
I,PRP,O
be,VBD,O
able,JJ,O
to,TO,O
start,VB,O
forth,RB,O
on,IN,O
my,PRP$,O
mission,NN,O
to,IN,O
Bedfordshire,NNP,LOCATION
in,IN,O
company,NN,O
with,IN,O
Mr.,NNP,PERSON
James,NNP,PERSON
M.,NNP,PERSON
Dodd,NNP,PERSON
.,.,O
as,IN,O
we,PRP,O
drive,VBD,O
to,IN,O
Euston,NNP,O
we,PRP,O
pick,VBD,O
up,RP,O
a,DT,O
grave,NN,O
and,CC,O
taciturn,JJ,O
gentleman,NN,O
of,IN,O
iron,NN,O
-,HYPH,O
gray,JJ,O
aspect,NN,O
",",",",O
with,IN,O
whom,WP,O
I,PRP,O
have,VBD,O
make,VBN,O
the,DT,O
necessary,JJ,O
arrangement,NNS,O
.,.,O
"""",``,O
this,DT,O
be,VBZ,O
a,DT,O
old,JJ,O
friend,NN,O
",",",",O
"""",'',O
say,VBD,O
I,PRP,O
to,IN,O
Dodd,NNP,PERSON
.,.,O
"""",``,O
it,PRP,O
be,VBZ,O
possible,JJ,O
that,IN,O
he,PRP$,O
presence,NN,O
may,MD,O
be,VB,O
entirely,RB,O
unnecessary,JJ,O
",",",",O
and,CC,O
",",",",O
on,IN,O
the,DT,O
other,JJ,O
hand,NN,O
",",",",O
it,PRP,O
may,MD,O
be,VB,O
essential,JJ,O
.,.,O
it,PRP,O
be,VBZ,O
not,RB,O
necessary,JJ,O
at,IN,O
the,DT,O
present,JJ,O
stage,NN,O
to,TO,O
go,VB,O
further,RB,O
into,IN,O
the,DT,O
matter,NN,O
.,.,O
"""",``,O
the,DT,O
narrative,NNS,O
of,IN,O
Watson,NNP,PERSON
have,VBP,O
accustom,VBN,O
the,DT,O
reader,NN,O
",",",",O
no,DT,O
doubt,NN,O
",",",",O
to,IN,O
the,DT,O
fact,NN,O
that,IN,O
I,PRP,O
do,VBP,O
not,RB,O
waste,VB,O
word,NNS,O
or,CC,O
disclose,VB,O
my,PRP$,O
thought,NNS,O
while,IN,O
a,DT,O
case,NN,O
be,VBZ,O
actually,RB,O
under,IN,O
consideration,NN,O
.,.,O
Dodd,NNP,PERSON
seem,VBD,O
surprised,JJ,O
",",",",O
but,CC,O
nothing,NN,O
more,JJR,O
be,VBD,O
say,VBN,O
",",",",O
and,CC,O
the,DT,O
three,CD,O
of,IN,O
we,PRP,O
continue,VBD,O
we,PRP$,O
journey,NN,O
together,RB,O
.,.,O
in,IN,O
the,DT,O
train,NN,O
I,PRP,O
ask,VBD,O
Dodd,NNP,O
one,CD,O
more,JJR,O
question,NN,O
which,WDT,O
I,PRP,O
wish,VBD,O
we,PRP$,O
companion,NN,O
to,TO,O
hear,VB,O
.,.,O
"""",``,O
you,PRP,O
say,VBP,O
that,IN,O
you,PRP,O
see,VBD,O
you,PRP$,O
friend,NN,O
's,POS,O
face,NN,O
quite,RB,O
clearly,RB,O
at,IN,O
the,DT,O
window,NN,O
",",",",O
so,RB,O
clearly,RB,O
that,IN,O
you,PRP,O
be,VBP,O
sure,JJ,O
of,IN,O
he,PRP$,O
identity,NN,O
?,.,O
"""",'',O
"""",``,O
I,PRP,O
have,VBP,O
no,DT,O
doubt,NN,O
about,IN,O
it,PRP,O
whatever,WDT,O
.,.,O
he,PRP$,O
nose,NN,O
be,VBD,O
press,VBN,O
against,IN,O
the,DT,O
glass,NN,O
.,.,O
the,DT,O
lamplight,NN,O
shine,VBD,O
full,JJ,O
upon,IN,O
he,PRP,O
.,.,O
"""",``,O
"""",``,O
it,PRP,O
could,MD,O
not,RB,O
have,VB,O
be,VBN,O
someone,NN,O
resemble,VBG,O
he,PRP,O
?,.,O
"""",``,O
"""",``,O
no,UH,O
",",",",O
no,UH,O
",",",",O
it,PRP,O
be,VBD,O
he,PRP,O
.,.,O
"""",``,O
"""",``,O
but,CC,O
you,PRP,O
say,VBP,O
he,PRP,O
be,VBD,O
change,VBN,O
?,.,O
"""",``,O
"""",``,O
only,RB,O
in,IN,O
colour,NN,O
.,.,O
he,PRP$,O
face,NN,O
be,VBD,O
--,:,O
how,WRB,O
shall,MD,O
I,PRP,O
describe,VB,O
it,PRP,O
?,.,O
--,:,O
it,PRP,O
be,VBD,O
of,IN,O
a,DT,O
fish,NN,O
-,HYPH,O
belly,NN,O
whiteness,NN,O
.,.,O
it,PRP,O
be,VBD,O
bleach,VBN,O
.,.,O
"""",``,O
"""",``,O
be,VBD,O
it,PRP,O
equally,RB,O
pale,VBP,O
all,RB,O
over,RB,O
?,.,O
"""",``,O
"""",``,O
I,PRP,O
think,VBP,O
not,RB,O
.,.,O
it,PRP,O
be,VBD,O
he,PRP$,O
brow,NN,O
which,WDT,O
I,PRP,O
see,VBD,O
so,RB,O
clearly,RB,O
as,IN,O
it,PRP,O
be,VBD,O
press,VBN,O
against,IN,O
the,DT,O
window,NN,O
.,.,O
"""",``,O
"""",``,O
do,VBD,O
you,PRP,O
call,VB,O
to,IN,O
he,PRP,O
?,.,O
"""",``,O
"""",``,O
I,PRP,O
be,VBD,O
too,RB,O
startled,JJ,O
and,CC,O
horrified,JJ,O
for,IN,O
the,DT,O
moment,NN,O
.,.,O
then,RB,O
I,PRP,O
pursue,VBD,O
he,PRP,O
",",",",O
as,IN,O
I,PRP,O
have,VBP,O
tell,VBN,O
you,PRP,O
",",",",O
but,CC,O
without,IN,O
result,NN,O
.,.,O
"""",``,O
my,PRP$,O
case,NN,O
be,VBD,O
practically,RB,O
complete,JJ,O
",",",",O
and,CC,O
there,EX,O
be,VBD,O
only,RB,O
one,CD,O
small,JJ,O
incident,NN,O
need,VBN,O
to,TO,O
round,VB,O
it,PRP,O
off,RP,O
.,.,O
when,WRB,O
",",",",O
after,IN,O
a,DT,O
considerable,JJ,O
drive,NN,O
",",",",O
we,PRP,O
arrive,VBD,O
at,IN,O
the,DT,O
strange,JJ,O
old,JJ,O
rambling,JJ,O
house,NN,O
which,WDT,O
my,PRP$,O
client,NN,O
have,VBD,O
describe,VBN,O
",",",",O
it,PRP,O
be,VBD,O
Ralph,NNP,PERSON
",",",",O
the,DT,O
elderly,JJ,O
butler,NN,O
",",",",O
who,WP,O
open,VBD,O
the,DT,O
door,NN,O
.,.,O
I,PRP,O
have,VBD,O
requisition,VBN,O
the,DT,O
carriage,NN,O
for,IN,O
the,DT,O
day,NN,O
and,CC,O
have,VBD,O
ask,VBN,O
my,PRP$,O
elderly,JJ,O
friend,NN,O
to,TO,O
remain,VB,O
within,IN,O
it,PRP,O
unless,IN,O
we,PRP,O
should,MD,O
summon,VB,O
he,PRP,O
.,.,O
Ralph,NNP,PERSON
",",",",O
a,DT,O
little,JJ,O
wrinkle,VBN,O
old,JJ,O
fellow,NN,O
",",",",O
be,VBD,O
in,IN,O
the,DT,O
conventional,JJ,O
costume,NN,O
of,IN,O
black,JJ,O
coat,NN,O
and,CC,O
pepper,NN,O
-,HYPH,O
and,CC,O
-,HYPH,O
salt,NN,O
trousers,NNS,O
",",",",O
with,IN,O
only,RB,O
one,CD,O
curious,JJ,O
variant,NN,O
.,.,O
he,PRP,O
wear,VBD,O
brown,JJ,O
leather,NN,O
glove,NNS,O
",",",",O
which,WDT,O
at,IN,O
sight,NN,O
of,IN,O
we,PRP,O
he,PRP,O
instantly,RB,O
shuffle,VBD,O
off,RP,O
",",",",O
lay,VBG,O
they,PRP,O
down,RP,O
on,IN,O
the,DT,O
hall,NN,O
-,HYPH,O
table,NN,O
as,IN,O
we,PRP,O
pass,VBD,O
in,RP,O
.,.,O
I,PRP,O
have,VBP,O
",",",",O
as,IN,O
my,PRP$,O
friend,NN,O
Watson,NNP,PERSON
may,MD,O
have,VB,O
remark,VBN,O
",",",",O
a,DT,O
abnormally,RB,O
acute,JJ,O
set,NN,O
of,IN,O
sens,NNS,O
",",",",O
and,CC,O
a,DT,O
faint,JJ,O
but,CC,O
incisive,JJ,O
scent,NN,O
be,VBD,O
apparent,JJ,O
.,.,O
it,PRP,O
seem,VBD,O
to,TO,O
centre,VB,O
on,IN,O
the,DT,O
hall,NN,O
-,HYPH,O
table,NN,O
.,.,O
I,PRP,O
turn,VBD,O
",",",",O
place,VBD,O
my,PRP$,O
hat,NN,O
there,RB,O
",",",",O
knock,VBD,O
it,PRP,O
off,RP,O
",",",",O
stoop,VBN,O
to,TO,O
pick,VB,O
it,PRP,O
up,RP,O
",",",",O
and,CC,O
contrived,JJ,O
to,TO,O
bring,VB,O
my,PRP$,O
nose,NN,O
within,IN,O
a,DT,O
foot,NN,O
of,IN,O
the,DT,O
glove,NNS,O
.,.,O
yes,UH,O
",",",",O
it,PRP,O
be,VBD,O
undoubtedly,RB,O
from,IN,O
they,PRP,O
that,IN,O
the,DT,O
curious,JJ,O
tarry,NN,O
odour,NN,O
be,VBD,O
ooze,VBG,O
.,.,O
I,PRP,O
pass,VBD,O
on,RP,O
into,IN,O
the,DT,O
study,NN,O
with,IN,O
my,PRP$,O
case,NN,O
complete,JJ,O
.,.,O
alas,UH,O
",",",",O
that,IN,O
I,PRP,O
should,MD,O
have,VB,O
to,TO,O
show,VB,O
my,PRP$,O
hand,NN,O
so,RB,O
when,WRB,O
I,PRP,O
tell,VBP,O
my,PRP$,O
own,JJ,O
story,NN,O
!,.,O
it,PRP,O
be,VBD,O
by,IN,O
conceal,VBG,O
such,JJ,O
link,NNS,O
in,IN,O
the,DT,O
chain,NN,O
that,WDT,O
Watson,NNP,PERSON
be,VBD,O
enable,VBN,O
to,TO,O
produce,VB,O
he,PRP$,O
meretricious,JJ,O
finale,NNS,O
.,.,O
Colonel,NNP,O
Emsworth,NNP,PERSON
be,VBD,O
not,RB,O
in,IN,O
he,PRP$,O
room,NN,O
",",",",O
but,CC,O
he,PRP,O
come,VBD,O
quickly,RB,O
enough,RB,O
on,IN,O
receipt,NN,O
of,IN,O
Ralph,NNP,PERSON
's,POS,O
message,NN,O
.,.,O
we,PRP,O
hear,VBD,O
he,PRP$,O
quick,JJ,O
",",",",O
heavy,JJ,O
step,NN,O
in,IN,O
the,DT,O
passage,NN,O
.,.,O
the,DT,O
door,NN,O
be,VBD,O
fling,VBN,O
open,JJ,O
and,CC,O
he,PRP,O
rush,VBD,O
in,RB,O
with,IN,O
bristle,VBG,O
beard,NN,O
and,CC,O
twisted,JJ,O
feature,NNS,O
",",",",O
as,IN,O
terrible,JJ,O
a,DT,O
old,JJ,O
man,NN,O
as,IN,O
ever,RB,O
I,PRP,O
have,VBP,O
see,VBN,O
.,.,O
he,PRP,O
hold,VBD,O
we,PRP$,O
card,NNS,O
in,IN,O
he,PRP$,O
hand,NN,O
",",",",O
and,CC,O
he,PRP,O
tear,VBD,O
they,PRP,O
up,RP,O
and,CC,O
stamp,VBN,O
on,IN,O
the,DT,O
fragment,NNS,O
.,.,O
"""",``,O
have,VBP,O
I,PRP,O
not,RB,O
tell,VBD,O
you,PRP,O
",",",",O
you,PRP,O
infernal,JJ,O
busybody,NN,O
",",",",O
that,IN,O
you,PRP,O
be,VBP,O
warn,VBN,O
off,IN,O
the,DT,O
premise,NNS,O
?,.,O
never,RB,O
dare,VB,O
to,TO,O
show,VB,O
you,PRP$,O
damned,RB,O
face,VBP,O
here,RB,O
again,RB,O
.,.,O
if,IN,O
you,PRP,O
enter,VBP,O
again,RB,O
without,IN,O
my,PRP$,O
leave,NN,O
I,PRP,O
shall,MD,O
be,VB,O
within,IN,O
my,PRP$,O
rights,NNS,O
if,IN,O
I,PRP,O
use,VBP,O
violence,NN,O
.,.,O
I,PRP,O
will,MD,O
shoot,VB,O
you,PRP,O
",",",",O
sir,NN,O
!,.,O
by,IN,O
God,NNP,O
",",",",O
I,PRP,O
will,MD,O
!,.,O
as,IN,O
to,IN,O
you,PRP,O
",",",",O
sir,NN,O
",",",",O
"""",'',O
turn,VBG,O
upon,IN,O
I,PRP,O
",",",",O
"""",``,O
I,PRP,O
extend,VBP,O
the,DT,O
same,JJ,O
warning,NN,O
to,IN,O
you,PRP,O
.,.,O
I,PRP,O
be,VBP,O
familiar,JJ,O
with,IN,O
you,PRP$,O
ignoble,JJ,O
profession,NN,O
",",",",O
but,CC,O
you,PRP,O
must,MD,O
take,VB,O
you,PRP$,O
reputed,JJ,O
talent,NNS,O
to,IN,O
some,DT,O
other,JJ,O
field,NN,O
.,.,O
there,EX,O
be,VBZ,O
no,DT,O
opening,NN,O
for,IN,O
they,PRP,O
here,RB,O
.,.,O
"""",``,O
"""",``,O
I,PRP,O
can,MD,O
not,RB,O
leave,VB,O
here,RB,O
",",",",O
"""",'',O
say,VBD,O
my,PRP$,O
client,NN,O
firmly,RB,O
",",",",O
"""",``,O
until,IN,O
I,PRP,O
hear,VBP,O
from,IN,O
Godfrey,NNP,PERSON
's,POS,O
own,JJ,O
lip,NNS,O
that,WDT,O
he,PRP,O
be,VBZ,O
under,IN,O
no,DT,O
restraint,NN,O
.,.,O
"""",``,O
we,PRP$,O
involuntary,JJ,O
host,NN,O
ring,VBD,O
the,DT,O
bell,NN,O
.,.,O
"""",'',O
Ralph,NNP,PERSON
",",",",O
"""",'',O
he,PRP,O
say,VBD,O
",",",",O
"""",``,O
telephone,NN,O
down,IN,O
to,IN,O
the,DT,O
county,NN,O
police,NN,O
and,CC,O
ask,VB,O
the,DT,O
inspector,NN,O
to,TO,O
send,VB,O
up,RP,O
two,CD,O
constable,NNS,O
.,.,O
tell,VB,O
he,PRP,O
there,EX,O
be,VBP,O
burglar,NNS,O
in,IN,O
the,DT,O
house,NN,O
.,.,O
"""",``,O
"""",``,O
one,CD,O
moment,NN,O
",",",",O
"""",'',O
say,VBD,O
I.,NNP,O
"""",``,O
you,PRP,O
must,MD,O
be,VB,O
aware,JJ,O
",",",",O
Mr.,NNP,PERSON
Dodd,NNP,PERSON
",",",",O
that,DT,O
Colonel,NNP,O
Emsworth,NNP,PERSON
be,VBZ,O
within,IN,O
he,PRP$,O
rights,NNS,O
and,CC,O
that,IN,O
we,PRP,O
have,VBP,O
no,DT,O
legal,JJ,O
status,NN,O
within,IN,O
he,PRP$,O
house,NN,O
.,.,O
on,IN,O
the,DT,O
other,JJ,O
hand,NN,O
",",",",O
he,PRP,O
should,MD,O
recognize,VB,O
that,IN,O
you,PRP$,O
action,NN,O
be,VBZ,O
prompt,VBN,O
entirely,RB,O
by,IN,O
solicitude,NN,O
for,IN,O
he,PRP$,O
son,NN,O
.,.,O
I,PRP,O
venture,VBP,O
to,TO,O
hope,VB,O
that,IN,O
if,IN,O
I,PRP,O
be,VBD,O
allow,VBN,O
to,TO,O
have,VB,O
five,CD,O
minute,NNS,O
',POS,O
conversation,NN,O
with,IN,O
Colonel,NNP,O
Emsworth,NNP,PERSON
I,PRP,O
could,MD,O
certainly,RB,O
alter,VB,O
he,PRP$,O
view,NN,O
of,IN,O
the,DT,O
matter,NN,O
.,.,O
"""",``,O
"""",``,O
I,PRP,O
be,VBP,O
not,RB,O
so,RB,O
easily,RB,O
alter,VBN,O
",",",",O
"""",'',O
say,VBD,O
the,DT,O
old,JJ,O
soldier,NN,O
.,.,O
"""",'',O
Ralph,NNP,PERSON
",",",",O
do,VB,O
what,WP,O
I,PRP,O
have,VBP,O
tell,VBN,O
you,PRP,O
.,.,O
what,WP,O
the,DT,O
devil,NN,O
be,VBP,O
you,PRP,O
wait,VBG,O
for,IN,O
?,.,O
Ring,NNP,O
up,IN,O
the,DT,O
police,NN,O
!,.,O
"""",``,O
"""",``,O
nothing,NN,O
of,IN,O
the,DT,O
sort,NN,O
",",",",O
"""",``,O
I,PRP,O
say,VBD,O
",",",",O
put,VBG,O
my,PRP$,O
back,NN,O
to,IN,O
the,DT,O
door,NN,O
.,.,O
"""",'',O
any,DT,O
police,NN,O
interference,NN,O
would,MD,O
bring,VB,O
about,RB,O
the,DT,O
very,RB,O
catastrophe,NN,O
which,WDT,O
you,PRP,O
dread,NN,O
.,.,O
"""",``,O
I,PRP,O
take,VBD,O
out,RP,O
my,PRP$,O
notebook,NN,O
and,CC,O
scribble,VBD,O
one,CD,O
word,NN,O
upon,IN,O
a,DT,O
loose,JJ,O
sheet,NN,O
.,.,O
"""",'',O
that,DT,O
",",",",O
"""",'',O
say,VBD,O
I,PRP,O
as,IN,O
I,PRP,O
hand,VBD,O
it,PRP,O
to,IN,O
Colonel,NNP,O
Emsworth,NNP,PERSON
",",",",O
"""",'',O
be,VBZ,O
what,WP,O
have,VBZ,O
bring,VBN,O
we,PRP,O
here,RB,O
.,.,O
"""",``,O
he,PRP,O
stare,VBD,O
at,IN,O
the,DT,O
writing,NN,O
with,IN,O
a,DT,O
face,NN,O
from,IN,O
which,WDT,O
every,DT,O
expression,NN,O
save,IN,O
amazement,NN,O
have,VBD,O
vanish,VBN,O
.,.,O
"""",'',O
how,WRB,O
do,VBP,O
you,PRP,O
know,VB,O
?,.,O
"""",``,O
he,PRP,O
gasp,VBD,O
",",",",O
sit,VBG,O
down,RP,O
heavily,RB,O
in,IN,O
he,PRP$,O
chair,NN,O
.,.,O
"""",'',O
it,PRP,O
be,VBZ,O
my,PRP$,O
business,NN,O
to,TO,O
know,VB,O
thing,NNS,O
.,.,O
that,DT,O
be,VBZ,O
my,PRP$,O
trade,NN,O
.,.,O
"""",``,O
he,PRP,O
sit,VBD,O
in,IN,O
deep,JJ,O
thought,NN,O
",",",",O
he,PRP$,O
gaunt,JJ,O
hand,NN,O
tug,VBG,O
at,IN,O
he,PRP$,O
straggle,VBG,O
beard,NN,O
.,.,O
then,RB,O
he,PRP,O
make,VBD,O
a,DT,O
gesture,NN,O
of,IN,O
resignation,NN,O
.,.,O
"""",``,O
well,UH,O
",",",",O
if,IN,O
you,PRP,O
wish,VBP,O
to,TO,O
see,VB,O
Godfrey,NNP,PERSON
",",",",O
you,PRP,O
shall,MD,O
.,.,O
it,PRP,O
be,VBZ,O
no,DT,O
do,VBG,O
of,IN,O
mine,NN,O
",",",",O
but,CC,O
you,PRP,O
have,VBP,O
force,VBN,O
my,PRP$,O
hand,NN,O
.,.,O
Ralph,NNP,PERSON
",",",",O
tell,VB,O
Mr.,NNP,PERSON
Godfrey,NNP,PERSON
and,CC,O
Mr.,NNP,O
Kent,NNP,LOCATION
that,IN,O
in,IN,O
five,CD,O
minute,NNS,O
we,PRP,O
shall,MD,O
be,VB,O
with,IN,O
they,PRP,O
.,.,O
"""",``,O
at,IN,O
the,DT,O
end,NN,O
of,IN,O
that,DT,O
time,NN,O
we,PRP,O
pass,VBD,O
down,RP,O
the,DT,O
garden,NN,O
path,NN,O
and,CC,O
find,VBD,O
ourselves,PRP,O
in,IN,O
front,NN,O
of,IN,O
the,DT,O
mystery,NN,O
house,NN,O
at,IN,O
the,DT,O
end,NN,O
.,.,O
a,DT,O
small,JJ,O
bearded,JJ,O
man,NN,O
stand,VBD,O
at,IN,O
the,DT,O
door,NN,O
with,IN,O
a,DT,O
look,NN,O
of,IN,O
considerable,JJ,O
astonishment,NN,O
upon,IN,O
he,PRP$,O
face,NN,O
.,.,O
"""",``,O
this,DT,O
be,VBZ,O
very,RB,O
sudden,RB,O
",",",",O
Colonel,NNP,O
Emsworth,NNP,PERSON
",",",",O
"""",'',O
say,VBD,O
he,PRP,O
.,.,O
"""",``,O
this,DT,O
will,MD,O
disarrange,VB,O
all,PDT,O
we,PRP$,O
plan,NNS,O
.,.,O
"""",'',O
"""",``,O
I,PRP,O
can,MD,O
not,RB,O
help,VB,O
it,PRP,O
",",",",O
Mr.,NNP,O
Kent,NNP,LOCATION
.,.,O
we,PRP$,O
hand,NNS,O
have,VBP,O
be,VBN,O
force,VBN,O
.,.,O
can,MD,O
Mr.,NNP,PERSON
Godfrey,NNP,PERSON
see,VB,O
we,PRP,O
?,.,O
"""",``,O
"""",``,O
yes,UH,O
",",",",O
he,PRP,O
be,VBZ,O
wait,VBG,O
inside,RB,O
.,.,O
"""",``,O
he,PRP,O
turn,VBD,O
and,CC,O
lead,VBD,O
we,PRP,O
into,IN,O
a,DT,O
large,JJ,O
",",",",O
plainly,RB,O
furnished,JJ,O
front,NN,O
room,NN,O
.,.,O
a,DT,O
man,NN,O
be,VBD,O
stand,VBG,O
with,IN,O
he,PRP$,O
back,NN,O
to,IN,O
the,DT,O
fire,NN,O
",",",",O
and,CC,O
at,IN,O
the,DT,O
sight,NN,O
of,IN,O
he,PRP,O
my,PRP$,O
client,NN,O
spring,VBD,O
forward,RB,O
with,IN,O
outstretched,JJ,O
hand,NN,O
.,.,O
"""",``,O
why,WRB,O
",",",",O
Godfrey,NNP,PERSON
",",",",O
old,JJ,O
man,NN,O
",",",",O
this,DT,O
be,VBZ,O
fine,JJ,O
!,.,O
"""",'',O
but,CC,O
the,DT,O
other,JJ,O
wave,VBD,O
he,PRP,O
back,RB,O
.,.,O
"""",``,O
do,VB,O
not,RB,O
touch,VB,O
I,PRP,O
",",",",O
Jimmie,NNP,PERSON
.,.,O
keep,VB,O
you,PRP$,O
distance,NN,O
.,.,O
yes,UH,O
",",",",O
you,PRP,O
may,MD,O
well,RB,O
stare,VB,O
!,.,O
I,PRP,O
do,VBP,O
not,RB,O
quite,RB,O
look,VB,O
the,DT,O
smart,JJ,O
Lance,NNP,O
-,HYPH,O
Corporal,NNP,O
Emsworth,NNP,PERSON
",",",",O
of,IN,O
B,NNP,ORGANIZATION
Squadron,NNP,ORGANIZATION
",",",",O
do,VBP,O
I,PRP,O
?,.,O
"""",``,O
he,PRP$,O
appearance,NN,O
be,VBD,O
certainly,RB,O
extraordinary,JJ,O
.,.,O
one,PRP,O
could,MD,O
see,VB,O
that,IN,O
he,PRP,O
have,VBD,O
indeed,RB,O
be,VBN,O
a,DT,O
handsome,JJ,O
man,NN,O
with,IN,O
clear,JJ,O
-,HYPH,O
cut,NN,O
feature,VBZ,O
sunburned,JJ,O
by,IN,O
a,DT,O
african,JJ,MISC
sun,NN,O
",",",",O
but,CC,O
mottled,JJ,O
in,IN,O
patch,NNS,O
over,IN,O
this,DT,O
darker,JJR,O
surface,NN,O
be,VBD,O
curious,JJ,O
whitish,JJ,O
patch,NNS,O
which,WDT,O
have,VBD,O
bleach,VBN,O
he,PRP$,O
skin,NN,O
.,.,O
"""",``,O
that,DT,O
be,VBZ,O
why,WRB,O
I,PRP,O
do,VBP,O
not,RB,O
court,NN,O
visitor,NNS,O
",",",",O
"""",'',O
say,VBD,O
he,PRP,O
.,.,O
"""",``,O
I,PRP,O
do,VBP,O
not,RB,O
mind,VB,O
you,PRP,O
",",",",O
Jimmie,NNP,PERSON
",",",",O
but,CC,O
I,PRP,O
could,MD,O
have,VB,O
do,VBN,O
without,IN,O
you,PRP$,O
friend,NN,O
.,.,O
I,PRP,O
suppose,VBP,O
there,EX,O
be,VBZ,O
some,DT,O
good,JJ,O
reason,NN,O
for,IN,O
it,PRP,O
",",",",O
but,CC,O
you,PRP,O
have,VBP,O
I,PRP,O
at,IN,O
a,DT,O
disadvantage,NN,O
.,.,O
"""",``,O
"""",``,O
I,PRP,O
want,VBD,O
to,TO,O
be,VB,O
sure,JJ,O
that,IN,O
all,DT,O
be,VBD,O
well,RB,O
with,IN,O
you,PRP,O
",",",",O
Godfrey,NNP,PERSON
.,.,O
I,PRP,O
see,VBD,O
you,PRP,O
that,DT,O
night,NN,O
when,WRB,O
you,PRP,O
look,VBD,O
into,IN,O
my,PRP$,O
window,NN,O
",",",",O
and,CC,O
I,PRP,O
could,MD,O
not,RB,O
let,VB,O
the,DT,O
matter,NN,O
rest,NN,O
till,IN,O
I,PRP,O
have,VBD,O
clear,VBN,O
thing,NNS,O
up,RP,O
.,.,O
"""",``,O
"""",``,O
Old,NNP,O
Ralph,NNP,PERSON
tell,VBD,O
I,PRP,O
you,PRP,O
be,VBD,O
there,RB,O
",",",",O
and,CC,O
I,PRP,O
could,MD,O
not,RB,O
help,VB,O
take,VBG,O
a,DT,O
peep,NN,O
at,IN,O
you,PRP,O
.,.,O
I,PRP,O
hope,VBD,O
you,PRP,O
would,MD,O
not,RB,O
have,VB,O
see,VBN,O
I,PRP,O
",",",",O
and,CC,O
I,PRP,O
have,VBD,O
to,TO,O
run,VB,O
to,IN,O
my,PRP$,O
burrow,VB,O
when,WRB,O
I,PRP,O
hear,VBD,O
the,DT,O
window,NN,O
go,VB,O
up,RP,O
.,.,O
"""",``,O
"""",``,O
but,CC,O
what,WP,O
in,IN,O
heaven,NNP,O
's,POS,O
name,NN,O
be,VBZ,O
the,DT,O
matter,NN,O
?,.,O
"""",``,O
"""",``,O
well,UH,O
",",",",O
it,PRP,O
be,VBZ,O
not,RB,O
a,DT,O
long,JJ,O
story,NN,O
to,TO,O
tell,VB,O
",",",",O
"""",'',O
say,VBD,O
he,PRP,O
",",",",O
light,VBG,O
a,DT,O
cigarette,NN,O
.,.,O
"""",'',O
you,PRP,O
remember,VBP,O
that,DT,O
morning,NN,O
fight,NN,O
at,IN,O
Buffelsspruit,NNP,LOCATION
",",",",O
outside,IN,O
Pretoria,NNP,LOCATION
",",",",O
on,IN,O
the,DT,O
Eastern,NNP,MISC
railway,NN,O
line,NN,O
?,.,O
you,PRP,O
hear,VBD,O
I,PRP,O
be,VBD,O
hit,VBN,O
?,.,O
"""",``,O
"""",``,O
yes,UH,O
",",",",O
I,PRP,O
hear,VBD,O
that,IN,O
",",",",O
but,CC,O
I,PRP,O
never,RB,O
get,VBD,O
particulars,NNS,O
.,.,O
"""",``,O
"""",``,O
three,CD,O
of,IN,O
we,PRP,O
get,VBD,O
separate,VBN,O
from,IN,O
the,DT,O
other,NNS,O
.,.,O
it,PRP,O
be,VBD,O
very,RB,O
broken,JJ,O
country,NN,O
",",",",O
you,PRP,O
may,MD,O
remember,VB,O
.,.,O
there,EX,O
be,VBD,O
Simpson,NNP,PERSON
--,:,O
the,DT,O
fellow,NN,O
we,PRP,O
call,VBD,O
Baldy,NNP,PERSON
Simpson,NNP,PERSON
--,:,O
and,CC,O
Anderson,NNP,PERSON
",",",",O
and,CC,O
I,PRP,O
.,.,O
we,PRP,O
be,VBD,O
clear,VBG,O
brother,NN,O
Boer,NNP,PERSON
",",",",O
but,CC,O
he,PRP,O
lay,VBD,O
low,JJ,O
and,CC,O
get,VBD,O
the,DT,O
three,CD,O
of,IN,O
we,PRP,O
.,.,O
the,DT,O
other,JJ,O
two,CD,O
be,VBD,O
kill,VBN,O
.,.,O
I,PRP,O
get,VBD,O
a,DT,O
elephant,NN,O
bullet,NN,O
through,IN,O
my,PRP$,O
shoulder,NN,O
.,.,O
I,PRP,O
stick,VBD,O
on,IN,O
to,IN,O
my,PRP$,O
horse,NN,O
",",",",O
however,RB,O
",",",",O
and,CC,O
he,PRP,O
gallop,VBD,O
several,JJ,O
mile,NNS,O
before,IN,O
I,PRP,O
faint,VBD,O
and,CC,O
roll,VBD,O
off,RP,O
the,DT,O
saddle,NN,O
.,.,O
"""",``,O
when,WRB,O
I,PRP,O
come,VBD,O
to,IN,O
myself,PRP,O
it,PRP,O
be,VBD,O
nightfall,NN,O
",",",",O
and,CC,O
I,PRP,O
raise,VBD,O
myself,PRP,O
up,RP,O
",",",",O
feel,VBG,O
very,RB,O
weak,JJ,O
and,CC,O
ill,JJ,O
.,.,O
to,IN,O
my,PRP$,O
surprise,NN,O
there,RB,O
be,VBD,O
a,DT,O
house,NN,O
close,JJ,O
beside,IN,O
I,PRP,O
",",",",O
a,DT,O
fairly,RB,O
large,JJ,O
house,NN,O
with,IN,O
a,DT,O
broad,JJ,O
stoep,NN,O
and,CC,O
many,JJ,O
window,NNS,O
.,.,O
it,PRP,O
be,VBD,O
deadly,JJ,O
cold,NN,O
.,.,O
you,PRP,O
remember,VBP,O
the,DT,O
kind,NN,O
of,IN,O
numb,JJ,O
cold,NN,O
which,WDT,O
use,VBD,O
to,TO,O
come,VB,O
at,IN,O
evening,NN,O
",",",",O
a,DT,O
deadly,JJ,O
",",",",O
sickening,JJ,O
sort,NN,O
of,IN,O
cold,JJ,O
",",",",O
very,RB,O
different,JJ,O
from,IN,O
a,DT,O
crisp,JJ,O
healthy,JJ,O
frost,NN,O
.,.,O
well,UH,O
",",",",O
I,PRP,O
be,VBD,O
chilled,JJ,O
to,IN,O
the,DT,O
bone,NN,O
",",",",O
and,CC,O
my,PRP$,O
only,JJ,O
hope,NN,O
seem,VBD,O
to,TO,O
lie,VB,O
in,IN,O
reach,VBG,O
that,DT,O
house,NN,O
.,.,O
I,PRP,O
stagger,VBD,O
to,IN,O
my,PRP$,O
foot,NNS,O
and,CC,O
drag,VBD,O
myself,PRP,O
along,IN,O
",",",",O
hardly,RB,O
conscious,JJ,O
of,IN,O
what,WP,O
I,PRP,O
do,VBD,O
.,.,O
I,PRP,O
have,VBP,O
a,DT,O
dim,JJ,O
memory,NN,O
of,IN,O
slowly,RB,O
ascend,VBG,O
the,DT,O
step,NNS,O
",",",",O
enter,VBG,O
a,DT,O
wide,JJ,O
-,HYPH,O
open,VBN,O
door,NN,O
",",",",O
pass,VBG,O
into,IN,O
a,DT,O
large,JJ,O
room,NN,O
which,WDT,O
contain,VBD,O
several,JJ,O
bed,NNS,O
",",",",O
and,CC,O
throw,VBG,O
myself,PRP,O
down,RP,O
with,IN,O
a,DT,O
gasp,NN,O
of,IN,O
satisfaction,NN,O
upon,IN,O
one,CD,O
of,IN,O
they,PRP,O
.,.,O
it,PRP,O
be,VBD,O
unmade,JJ,O
",",",",O
but,CC,O
that,DT,O
trouble,VBD,O
I,PRP,O
not,RB,O
at,RB,O
all,RB,O
.,.,O
I,PRP,O
draw,VBD,O
the,DT,O
clothes,NNS,O
over,IN,O
my,PRP$,O
shiver,VBG,O
body,NN,O
and,CC,O
in,IN,O
a,DT,O
moment,NN,O
I,PRP,O
be,VBD,O
in,IN,O
a,DT,O
deep,JJ,O
sleep,NN,O
.,.,O
"""",``,O
it,PRP,O
be,VBD,O
morning,NN,O
when,WRB,O
I,PRP,O
waken,VBD,O
",",",",O
and,CC,O
it,PRP,O
seem,VBD,O
to,IN,O
I,PRP,O
that,IN,O
instead,RB,O
of,IN,O
come,VBG,O
out,RP,O
into,IN,O
a,DT,O
world,NN,O
of,IN,O
sanity,NN,O
I,PRP,O
have,VBD,O
emerge,VBN,O
into,IN,O
some,DT,O
extraordinary,JJ,O
nightmare,NN,O
.,.,O
the,DT,O
african,JJ,MISC
sun,NN,O
flood,VBN,O
through,IN,O
the,DT,O
big,JJ,O
",",",",O
curtainless,JJ,O
window,NNS,O
",",",",O
and,CC,O
every,DT,O
detail,NN,O
of,IN,O
the,DT,O
great,JJ,O
",",",",O
bare,JJ,O
",",",",O
whitewashed,JJ,O
dormitory,NN,O
stand,VBD,O
out,RP,O
hard,RB,O
and,CC,O
clear,JJ,O
.,.,O
in,IN,O
front,NN,O
of,IN,O
I,PRP,O
be,VBD,O
stand,VBG,O
a,DT,O
small,JJ,O
",",",",O
dwarf,JJ,O
-,HYPH,O
like,JJ,O
man,NN,O
with,IN,O
a,DT,O
huge,JJ,O
",",",",O
bulbous,JJ,O
head,NN,O
",",",",O
who,WP,O
be,VBD,O
jabber,VBG,O
excitedly,RB,O
in,IN,O
Dutch,NNP,MISC
",",",",O
wave,VBG,O
two,CD,O
horrible,JJ,O
hand,NNS,O
which,WDT,O
look,VBD,O
to,IN,O
I,PRP,O
like,IN,O
brown,JJ,O
sponge,NNS,O
.,.,O
behind,IN,O
he,PRP,O
stand,VBD,O
a,DT,O
group,NN,O
of,IN,O
people,NNS,O
who,WP,O
seem,VBD,O
to,TO,O
be,VB,O
intensely,RB,O
amuse,VBN,O
by,IN,O
the,DT,O
situation,NN,O
",",",",O
but,CC,O
a,DT,O
chill,NN,O
come,VBD,O
over,IN,O
I,PRP,O
as,IN,O
I,PRP,O
look,VBD,O
at,IN,O
they,PRP,O
.,.,O
not,RB,O
one,CD,O
of,IN,O
they,PRP,O
be,VBD,O
a,DT,O
normal,JJ,O
human,NN,O
being,NN,O
.,.,O
every,DT,O
one,NN,O
be,VBD,O
twisted,JJ,O
or,CC,O
swollen,JJ,O
or,CC,O
disfigured,JJ,O
in,IN,O
some,DT,O
strange,JJ,O
way,NN,O
.,.,O
the,DT,O
laughter,NN,O
of,IN,O
these,DT,O
strange,JJ,O
monstrosity,NNS,O
be,VBD,O
a,DT,O
dreadful,JJ,O
thing,NN,O
to,TO,O
hear,VB,O
.,.,O
"""",``,O
it,PRP,O
seem,VBD,O
that,IN,O
none,NN,O
of,IN,O
they,PRP,O
could,MD,O
speak,VB,O
English,NNP,MISC
",",",",O
but,CC,O
the,DT,O
situation,NN,O
want,VBD,O
clear,VBG,O
up,RP,O
",",",",O
for,IN,O
the,DT,O
creature,NN,O
with,IN,O
the,DT,O
big,JJ,O
head,NN,O
be,VBD,O
grow,VBG,O
furiously,RB,O
angry,JJ,O
",",",",O
and,CC,O
",",",",O
utter,VBG,O
wild,JJ,O
-,HYPH,O
beast,NN,O
cry,NNS,O
",",",",O
he,PRP,O
have,VBD,O
lay,VBN,O
he,PRP$,O
deform,VBN,O
hand,NNS,O
upon,IN,O
I,PRP,O
and,CC,O
be,VBD,O
drag,VBG,O
I,PRP,O
out,IN,O
of,IN,O
bed,NN,O
",",",",O
regardless,RB,O
of,IN,O
the,DT,O
fresh,JJ,O
flow,NN,O
of,IN,O
blood,NN,O
from,IN,O
my,PRP$,O
wound,NN,O
.,.,O
the,DT,O
little,JJ,O
monster,NN,O
be,VBD,O
as,IN,O
strong,JJ,O
as,IN,O
a,DT,O
bull,NN,O
",",",",O
and,CC,O
I,PRP,O
do,VBP,O
not,RB,O
know,VB,O
what,WP,O
he,PRP,O
might,MD,O
have,VB,O
do,VBN,O
to,IN,O
I,PRP,O
have,VBD,O
not,RB,O
a,DT,O
elderly,JJ,O
man,NN,O
who,WP,O
be,VBD,O
clearly,RB,O
in,IN,O
authority,NN,O
be,VBN,O
attract,VBN,O
to,IN,O
the,DT,O
room,NN,O
by,IN,O
the,DT,O
hubbub,NN,O
.,.,O
he,PRP,O
say,VBD,O
a,DT,O
few,JJ,O
stern,JJ,O
word,NNS,O
in,IN,O
Dutch,NNP,MISC
",",",",O
and,CC,O
my,PRP$,O
persecutor,NN,O
shrink,VBD,O
away,RB,O
.,.,O
then,RB,O
he,PRP,O
turn,VBD,O
upon,IN,O
I,PRP,O
",",",",O
gaze,VBG,O
at,IN,O
I,PRP,O
in,IN,O
the,DT,O
utmost,JJ,O
amazement,NN,O
.,.,O
"""",``,O
',``,O
how,WRB,O
in,IN,O
the,DT,O
world,NN,O
do,VBD,O
you,PRP,O
come,VB,O
here,RB,O
?,.,O
','',O
he,PRP,O
ask,VBD,O
in,IN,O
amazement,NN,O
.,.,O
',``,O
wait,VB,O
a,DT,O
bit,NN,O
!,.,O
I,PRP,O
see,VBP,O
that,IN,O
you,PRP,O
be,VBP,O
tired,JJ,O
out,RB,O
and,CC,O
that,DT,O
wounded,JJ,O
shoulder,NN,O
of,IN,O
yours,PRP$,O
want,VBZ,O
look,VBG,O
after,IN,O
.,.,O
I,PRP,O
be,VBP,O
a,DT,O
doctor,NN,O
",",",",O
and,CC,O
I,PRP,O
will,MD,O
soon,RB,O
have,VB,O
you,PRP,O
tie,VBN,O
up,RP,O
.,.,O
but,CC,O
",",",",O
man,NN,O
alive,JJ,O
!,.,O
you,PRP,O
be,VBP,O
in,RB,O
far,RB,O
greater,JJR,O
danger,NN,O
here,RB,O
than,IN,O
ever,RB,O
you,PRP,O
be,VBD,O
on,IN,O
the,DT,O
battlefield,NN,O
.,.,O
you,PRP,O
be,VBP,O
in,IN,O
the,DT,O
Leper,NNP,O
Hospital,NNP,O
",",",",O
and,CC,O
you,PRP,O
have,VBP,O
sleep,VBN,O
in,IN,O
a,DT,O
leper,NN,O
's,POS,O
bed,NN,O
.,.,O
',``,O
"""",``,O
need,VBP,O
I,PRP,O
tell,VBP,O
you,PRP,O
more,RBR,O
",",",",O
Jimmie,NNP,PERSON
?,.,O
it,PRP,O
seem,VBZ,O
that,IN,O
in,IN,O
view,NN,O
of,IN,O
the,DT,O
approach,VBG,O
battle,NN,O
all,PDT,O
these,DT,O
poor,JJ,O
creature,NNS,O
have,VBD,O
be,VBN,O
evacuate,VBN,O
the,DT,O
day,NN,O
before,RB,O
.,.,O
then,RB,O
",",",",O
as,IN,O
the,DT,O
british,JJ,MISC
advanced,JJ,O
",",",",O
they,PRP,O
have,VBD,O
be,VBN,O
bring,VBN,O
back,RP,O
by,IN,O
this,DT,O
",",",",O
they,PRP$,O
medical,JJ,O
superintendent,NN,O
",",",",O
who,WP,O
assure,VBD,O
I,PRP,O
that,IN,O
",",",",O
though,IN,O
he,PRP,O
believe,VBD,O
he,PRP,O
be,VBD,O
immune,JJ,O
to,IN,O
the,DT,O
disease,NN,O
",",",",O
he,PRP,O
would,MD,O
none,NN,O
the,DT,O
less,RBR,O
never,RB,O
have,VBP,O
dare,VBN,O
to,TO,O
do,VB,O
what,WP,O
I,PRP,O
have,VBD,O
do,VBN,O
.,.,O
he,PRP,O
put,VBD,O
I,PRP,O
in,IN,O
a,DT,O
private,JJ,O
room,NN,O
",",",",O
treat,VBD,O
I,PRP,O
kindly,RB,O
",",",",O
and,CC,O
within,IN,O
a,DT,O
week,NN,O
or,CC,O
so,RB,O
I,PRP,O
be,VBD,O
remove,VBN,O
to,IN,O
the,DT,O
general,JJ,O
hospital,NN,O
at,IN,O
Pretoria,NNP,LOCATION
.,.,O
"""",``,O
so,RB,O
there,RB,O
you,PRP,O
have,VBP,O
my,PRP$,O
tragedy,NN,O
.,.,O
I,PRP,O
hope,VBD,O
against,IN,O
hope,NN,O
",",",",O
but,CC,O
it,PRP,O
be,VBD,O
not,RB,O
until,IN,O
I,PRP,O
have,VBD,O
reach,VBN,O
home,NN,O
that,WDT,O
the,DT,O
terrible,JJ,O
sign,NNS,O
which,WDT,O
you,PRP,O
see,VBP,O
upon,IN,O
my,PRP$,O
face,NN,O
tell,VBD,O
I,PRP,O
that,IN,O
I,PRP,O
have,VBD,O
not,RB,O
escape,VBN,O
.,.,O
what,WP,O
be,VBD,O
I,PRP,O
to,TO,O
do,VB,O
?,.,O
I,PRP,O
be,VBD,O
in,IN,O
this,DT,O
lonely,JJ,O
house,NN,O
.,.,O
we,PRP,O
have,VBD,O
two,CD,O
servant,NNS,O
whom,WP,O
we,PRP,O
could,MD,O
utterly,RB,O
trust,VB,O
.,.,O
there,EX,O
be,VBD,O
a,DT,O
house,NN,O
where,WRB,O
I,PRP,O
could,MD,O
live,VB,O
.,.,O
under,IN,O
pledge,NN,O
of,IN,O
secrecy,NN,O
",",",",O
Mr.,NNP,O
Kent,NNP,LOCATION
",",",",O
who,WP,O
be,VBZ,O
a,DT,O
surgeon,NN,O
",",",",O
be,VBD,O
prepare,VBN,O
to,TO,O
stay,VB,O
with,IN,O
I,PRP,O
.,.,O
it,PRP,O
seem,VBD,O
simple,JJ,O
enough,RB,O
on,IN,O
those,DT,O
line,NNS,O
.,.,O
the,DT,O
alternative,NN,O
be,VBD,O
a,DT,O
dreadful,JJ,O
one,CD,O
--,:,O
segregation,NN,O
for,IN,O
life,NN,O
among,IN,O
stranger,NNS,O
with,IN,O
never,RB,O
a,DT,O
hope,NN,O
of,IN,O
release,NN,O
.,.,O
but,CC,O
absolute,JJ,O
secrecy,NN,O
be,VBD,O
necessary,JJ,O
",",",",O
or,CC,O
even,RB,O
in,IN,O
this,DT,O
quiet,JJ,O
countryside,NN,O
there,EX,O
would,MD,O
have,VB,O
be,VBN,O
a,DT,O
outcry,NN,O
",",",",O
and,CC,O
I,PRP,O
should,MD,O
have,VB,O
be,VBN,O
drag,VBN,O
to,IN,O
my,PRP$,O
horrible,JJ,O
doom,NN,O
.,.,O
even,RB,O
you,PRP,O
",",",",O
Jimmie,NNP,PERSON
--,:,PERSON
even,RB,PERSON
you,PRP,O
have,VBD,O
to,TO,O
be,VB,O
keep,VBN,O
in,IN,O
the,DT,O
dark,NN,O
.,.,O
why,WRB,O
my,PRP$,O
father,NN,O
have,VBZ,O
relent,VBN,O
I,PRP,O
can,MD,O
not,RB,O
imagine,VB,O
.,.,O
"""",``,O
Colonel,NNP,O
Emsworth,NNP,PERSON
point,VBD,O
to,IN,O
I,PRP,O
.,.,O
"""",'',O
this,DT,O
be,VBZ,O
the,DT,O
gentleman,NN,O
who,WP,O
force,VBD,O
my,PRP$,O
hand,NN,O
.,.,O
"""",``,O
he,PRP,O
unfold,VBD,O
the,DT,O
scrap,NN,O
of,IN,O
paper,NN,O
on,IN,O
which,WDT,O
I,PRP,O
have,VBD,O
write,VBN,O
the,DT,O
word,NN,O
"""",``,O
Leprosy,NNP,O
.,.,O
"""",``,O
"""",``,O
it,PRP,O
seem,VBD,O
to,IN,O
I,PRP,O
that,IN,O
if,IN,O
he,PRP,O
know,VBD,O
so,RB,O
much,JJ,O
as,IN,O
that,IN,O
it,PRP,O
be,VBD,O
safer,JJR,O
that,IN,O
he,PRP,O
should,MD,O
know,VB,O
all,DT,O
.,.,O
"""",``,O
"""",``,O
and,CC,O
so,IN,O
it,PRP,O
be,VBD,O
",",",",O
"""",'',O
say,VBD,O
I.,NNP,O
"""",``,O
who,WP,O
know,VBZ,O
but,CC,O
good,JJ,O
may,MD,O
come,VB,O
of,IN,O
it,PRP,O
?,.,O
I,PRP,O
understand,VBP,O
that,IN,O
only,RB,O
Mr.,NNP,O
Kent,NNP,LOCATION
have,VBZ,O
see,VBN,O
the,DT,O
patient,NN,O
.,.,O
may,MD,O
I,PRP,O
ask,VB,O
",",",",O
sir,NN,O
",",",",O
if,IN,O
you,PRP,O
be,VBP,O
a,DT,O
authority,NN,O
on,IN,O
such,JJ,O
complaint,NNS,O
",",",",O
which,WDT,O
be,VBP,O
",",",",O
I,PRP,O
understand,VBP,O
",",",",O
tropical,JJ,O
or,CC,O
semi-tropical,JJ,O
in,IN,O
they,PRP$,O
nature,NN,O
?,.,O
"""",``,O
"""",``,O
I,PRP,O
have,VBP,O
the,DT,O
ordinary,JJ,O
knowledge,NN,O
of,IN,O
the,DT,O
educate,VBN,O
medical,JJ,O
man,NN,O
",",",",O
"""",'',O
he,PRP,O
observe,VBD,O
with,IN,O
some,DT,O
stiffness,NN,O
.,.,O
"""",'',O
I,PRP,O
have,VBP,O
no,DT,O
doubt,NN,O
",",",",O
sir,NN,O
",",",",O
that,IN,O
you,PRP,O
be,VBP,O
fully,RB,O
competent,JJ,O
",",",",O
but,CC,O
I,PRP,O
be,VBP,O
sure,JJ,O
that,IN,O
you,PRP,O
will,MD,O
agree,VB,O
that,IN,O
in,IN,O
such,PDT,O
a,DT,O
case,NN,O
a,DT,O
second,JJ,O
opinion,NN,O
be,VBZ,O
valuable,JJ,O
.,.,O
you,PRP,O
have,VBP,O
avoid,VBN,O
this,DT,O
",",",",O
I,PRP,O
understand,VBP,O
",",",",O
for,IN,O
fear,NN,O
that,IN,O
pressure,NN,O
should,MD,O
be,VB,O
put,VBN,O
upon,IN,O
you,PRP,O
to,TO,O
segregate,VB,O
the,DT,O
patient,NN,O
.,.,O
"""",``,O
"""",``,O
that,DT,O
be,VBZ,O
so,RB,O
",",",",O
"""",'',O
say,VBD,O
Colonel,NNP,O
Emsworth,NNP,PERSON
.,.,O
"""",'',O
I,PRP,O
foresee,VBD,O
this,DT,O
situation,NN,O
",",",",O
"""",``,O
I,PRP,O
explain,VBD,O
",",",",O
"""",'',O
and,CC,O
I,PRP,O
have,VBP,O
bring,VBN,O
with,IN,O
I,PRP,O
a,DT,O
friend,NN,O
whose,WP$,O
discretion,NN,O
may,MD,O
absolutely,RB,O
be,VB,O
trust,VBN,O
.,.,O
I,PRP,O
be,VBD,O
able,JJ,O
once,RB,O
to,TO,O
do,VB,O
he,PRP,O
a,DT,O
professional,JJ,O
service,NN,O
",",",",O
and,CC,O
he,PRP,O
be,VBZ,O
ready,JJ,O
to,TO,O
advise,VB,O
as,IN,O
a,DT,O
friend,NN,O
rather,RB,O
than,IN,O
as,IN,O
a,DT,O
specialist,NN,O
.,.,O
he,PRP$,O
name,NN,O
be,VBZ,O
Sir,NNP,O
James,NNP,PERSON
Saunders,NNP,PERSON
.,.,O
"""",``,O
the,DT,O
prospect,NN,O
of,IN,O
a,DT,O
interview,NN,O
with,IN,O
Lord,NNP,O
Roberts,NNP,PERSON
would,MD,O
not,RB,O
have,VB,O
excited,JJ,O
greater,JJR,O
wonder,NN,O
and,CC,O
pleasure,NN,O
in,IN,O
a,DT,O
raw,JJ,O
subaltern,NN,O
than,IN,O
be,VBD,O
now,RB,O
reflect,VBN,O
upon,IN,O
the,DT,O
face,NN,O
of,IN,O
Mr.,NNP,O
Kent,NNP,LOCATION
.,.,O
"""",'',O
I,PRP,O
shall,MD,O
indeed,RB,O
be,VB,O
proud,JJ,O
",",",",O
"""",'',O
he,PRP,O
murmur,VBD,O
.,.,O
"""",'',O
then,RB,O
I,PRP,O
will,MD,O
ask,VB,O
Sir,NNP,O
James,NNP,PERSON
to,TO,O
step,VB,O
this,DT,O
way,NN,O
.,.,O
he,PRP,O
be,VBZ,O
at,IN,O
present,JJ,O
in,IN,O
the,DT,O
carriage,NN,O
outside,IN,O
the,DT,O
door,NN,O
.,.,O
meanwhile,RB,O
",",",",O
Colonel,NNP,O
Emsworth,NNP,PERSON
",",",",O
we,PRP,O
may,MD,O
perhaps,RB,O
assemble,VB,O
in,IN,O
you,PRP$,O
study,NN,O
",",",",O
where,WRB,O
I,PRP,O
could,MD,O
give,VB,O
the,DT,O
necessary,JJ,O
explanation,NNS,O
.,.,O
"""",``,O
and,CC,O
here,RB,O
it,PRP,O
be,VBZ,O
that,IN,O
I,PRP,O
miss,VBP,O
my,PRP$,O
Watson,NNP,PERSON
.,.,O
by,IN,O
cunning,JJ,O
question,NNS,O
and,CC,O
ejaculation,NNS,O
of,IN,O
wonder,NN,O
he,PRP,O
could,MD,O
elevate,VB,O
my,PRP$,O
simple,JJ,O
art,NN,O
",",",",O
which,WDT,O
be,VBZ,O
but,CC,O
systematize,VBN,O
common,JJ,O
sense,NN,O
",",",",O
into,IN,O
a,DT,O
prodigy,NN,O
.,.,O
when,WRB,O
I,PRP,O
tell,VBP,O
my,PRP$,O
own,JJ,O
story,NN,O
I,PRP,O
have,VBP,O
no,DT,O
such,JJ,O
aid,NN,O
.,.,O
and,CC,O
yet,RB,O
I,PRP,O
will,MD,O
give,VB,O
my,PRP$,O
process,NN,O
of,IN,O
thought,NN,O
even,RB,O
as,IN,O
I,PRP,O
give,VBD,O
it,PRP,O
to,IN,O
my,PRP$,O
small,JJ,O
audience,NN,O
",",",",O
which,WDT,O
include,VBD,O
Godfrey,NNP,PERSON
's,POS,O
mother,NN,O
in,IN,O
the,DT,O
study,NN,O
of,IN,O
Colonel,NNP,O
Emsworth,NNP,PERSON
.,.,O
"""",``,O
that,DT,O
process,NN,O
",",",",O
"""",'',O
say,VBD,O
I,PRP,O
",",",",O
"""",``,O
start,VBZ,O
upon,IN,O
the,DT,O
supposition,NN,O
that,IN,O
when,WRB,O
you,PRP,O
have,VBP,O
eliminate,VBN,O
all,DT,O
which,WDT,O
be,VBZ,O
impossible,JJ,O
",",",",O
then,RB,O
whatever,WDT,O
remain,VBZ,O
",",",",O
however,RB,O
improbable,JJ,O
",",",",O
must,MD,O
be,VB,O
the,DT,O
truth,NN,O
.,.,O
it,PRP,O
may,MD,O
well,RB,O
be,VB,O
that,IN,O
several,JJ,O
explanation,NNS,O
remain,VBP,O
",",",",O
in,IN,O
which,WDT,O
case,NN,O
one,CD,O
try,VBZ,O
test,NN,O
after,IN,O
test,NN,O
until,IN,O
one,CD,O
or,CC,O
other,JJ,O
of,IN,O
they,PRP,O
have,VBZ,O
a,DT,O
convincing,JJ,O
amount,NN,O
of,IN,O
support,NN,O
.,.,O
we,PRP,O
will,MD,O
now,RB,O
apply,VB,O
this,DT,O
principle,NN,O
to,IN,O
the,DT,O
case,NN,O
in,IN,O
point,NN,O
.,.,O
as,IN,O
it,PRP,O
be,VBD,O
first,JJ,O
present,VBN,O
to,IN,O
I,PRP,O
",",",",O
there,EX,O
be,VBD,O
three,CD,O
possible,JJ,O
explanation,NNS,O
of,IN,O
the,DT,O
seclusion,NN,O
or,CC,O
incarceration,NN,O
of,IN,O
this,DT,O
gentleman,NN,O
in,IN,O
a,DT,O
outhouse,NN,O
of,IN,O
he,PRP$,O
father,NN,O
's,POS,O
mansion,NN,O
.,.,O
there,EX,O
be,VBD,O
the,DT,O
explanation,NN,O
that,IN,O
he,PRP,O
be,VBD,O
in,IN,O
hide,VBG,O
for,IN,O
a,DT,O
crime,NN,O
",",",",O
or,CC,O
that,IN,O
he,PRP,O
be,VBD,O
mad,JJ,O
and,CC,O
that,IN,O
they,PRP,O
wish,VBD,O
to,TO,O
avoid,VB,O
a,DT,O
asylum,NN,O
",",",",O
or,CC,O
that,IN,O
he,PRP,O
have,VBD,O
some,DT,O
disease,NN,O
which,WDT,O
cause,VBD,O
he,PRP$,O
segregation,NN,O
.,.,O
I,PRP,O
could,MD,O
think,VB,O
of,IN,O
no,DT,O
other,JJ,O
adequate,JJ,O
solution,NNS,O
.,.,O
these,DT,O
",",",",O
then,RB,O
",",",",O
have,VBD,O
to,TO,O
be,VB,O
sift,VBN,O
and,CC,O
balance,VBN,O
against,IN,O
each,DT,O
other,JJ,O
.,.,O
"""",``,O
the,DT,O
criminal,JJ,O
solution,NN,O
would,MD,O
not,RB,O
bear,VB,O
inspection,NN,O
.,.,O
no,DT,O
unsolved,JJ,O
crime,NN,O
have,VBD,O
be,VBN,O
report,VBN,O
from,IN,O
that,DT,O
district,NN,O
.,.,O
I,PRP,O
be,VBD,O
sure,JJ,O
of,IN,O
that,DT,O
.,.,O
if,IN,O
it,PRP,O
be,VBD,O
some,DT,O
crime,NN,O
not,RB,O
yet,RB,O
discover,VBN,O
",",",",O
then,RB,O
clearly,RB,O
it,PRP,O
would,MD,O
be,VB,O
to,IN,O
the,DT,O
interest,NN,O
of,IN,O
the,DT,O
family,NN,O
to,TO,O
get,VB,O
rid,VBN,O
of,IN,O
the,DT,O
delinquent,JJ,O
and,CC,O
send,VB,O
he,PRP,O
abroad,RB,O
rather,RB,O
than,IN,O
keep,VB,O
he,PRP,O
conceal,VBN,O
at,IN,O
home,NN,O
.,.,O
I,PRP,O
could,MD,O
see,VB,O
no,DT,O
explanation,NN,O
for,IN,O
such,PDT,O
a,DT,O
line,NN,O
of,IN,O
conduct,NN,O
.,.,O
"""",``,O
insanity,NN,O
be,VBD,O
more,RBR,O
plausible,JJ,O
.,.,O
the,DT,O
presence,NN,O
of,IN,O
the,DT,O
second,JJ,O
person,NN,O
in,IN,O
the,DT,O
outhouse,NN,O
suggest,VBD,O
a,DT,O
keeper,NN,O
.,.,O
the,DT,O
fact,NN,O
that,IN,O
he,PRP,O
lock,VBD,O
the,DT,O
door,NN,O
when,WRB,O
he,PRP,O
come,VBD,O
out,RP,O
strengthen,VBD,O
the,DT,O
supposition,NN,O
and,CC,O
give,VBD,O
the,DT,O
idea,NN,O
of,IN,O
constraint,NN,O
.,.,O
on,IN,O
the,DT,O
other,JJ,O
hand,NN,O
",",",",O
this,DT,O
constraint,NN,O
could,MD,O
not,RB,O
be,VB,O
severe,JJ,O
or,CC,O
the,DT,O
young,JJ,O
man,NN,O
could,MD,O
not,RB,O
have,VB,O
get,VBN,O
loose,JJ,O
and,CC,O
come,VB,O
down,RP,O
to,TO,O
have,VB,O
a,DT,O
look,NN,O
at,IN,O
he,PRP$,O
friend,NN,O
.,.,O
you,PRP,O
will,MD,O
remember,VB,O
",",",",O
Mr.,NNP,PERSON
Dodd,NNP,PERSON
",",",",O
that,IN,O
I,PRP,O
feel,VBD,O
round,JJ,O
for,IN,O
point,NNS,O
",",",",O
ask,VBG,O
you,PRP,O
",",",",O
for,IN,O
example,NN,O
",",",",O
about,IN,O
the,DT,O
paper,NN,O
which,WDT,O
Mr.,NNP,O
Kent,NNP,LOCATION
be,VBD,O
read,VBG,O
.,.,O
have,VBD,O
it,PRP,O
be,VBN,O
the,DT,O
Lancet,NNP,O
or,CC,O
the,DT,O
British,NNP,ORGANIZATION
Medical,NNP,ORGANIZATION
Journal,NNP,ORGANIZATION
it,PRP,O
would,MD,O
have,VB,O
help,VBN,O
I,PRP,O
.,.,O
it,PRP,O
be,VBZ,O
not,RB,O
illegal,JJ,O
",",",",O
however,RB,O
",",",",O
to,TO,O
keep,VB,O
a,DT,O
lunatic,JJ,O
upon,IN,O
private,JJ,O
premise,NNS,O
so,RB,O
long,RB,O
as,RB,O
there,RB,O
be,VBZ,O
a,DT,O
qualified,JJ,O
person,NN,O
in,IN,O
attendance,NN,O
and,CC,O
that,IN,O
the,DT,O
authority,NNS,O
have,VBP,O
be,VBN,O
duly,RB,O
notify,VBN,O
.,.,O
why,WRB,O
",",",",O
then,RB,O
",",",",O
all,PDT,O
this,DT,O
desperate,JJ,O
desire,NN,O
for,IN,O
secrecy,NN,O
?,.,O
once,RB,O
again,RB,O
I,PRP,O
could,MD,O
not,RB,O
get,VB,O
the,DT,O
theory,NN,O
to,TO,O
fit,VB,O
the,DT,O
fact,NNS,O
.,.,O
"""",``,O
there,EX,O
remain,VBD,O
the,DT,O
third,JJ,O
possibility,NN,O
",",",",O
into,IN,O
which,WDT,O
",",",",O
rare,JJ,O
and,CC,O
unlikely,JJ,O
as,IN,O
it,PRP,O
be,VBD,O
",",",",O
everything,NN,O
seem,VBD,O
to,TO,O
fit,VB,O
.,.,O
leprosy,NN,O
be,VBZ,O
not,RB,O
uncommon,JJ,O
in,IN,O
South,NNP,LOCATION
Africa,NNP,LOCATION
.,.,O
by,IN,O
some,DT,O
extraordinary,JJ,O
chance,NN,O
this,DT,O
youth,NN,O
might,MD,O
have,VB,O
contract,VBN,O
it,PRP,O
.,.,O
he,PRP$,O
people,NNS,O
would,MD,O
be,VB,O
place,VBN,O
in,IN,O
a,DT,O
very,RB,O
dreadful,JJ,O
position,NN,O
",",",",O
since,IN,O
they,PRP,O
would,MD,O
desire,VB,O
to,TO,O
save,VB,O
he,PRP,O
from,IN,O
segregation,NN,O
.,.,O
great,JJ,O
secrecy,NN,O
would,MD,O
be,VB,O
need,VBN,O
to,TO,O
prevent,VB,O
rumour,NNS,O
from,IN,O
get,VBG,O
about,RB,O
and,CC,O
subsequent,JJ,O
interference,NN,O
by,IN,O
the,DT,O
authority,NNS,O
.,.,O
a,DT,O
devoted,JJ,O
medical,JJ,O
man,NN,O
",",",",O
if,IN,O
sufficiently,RB,O
pay,VBN,O
",",",",O
would,MD,O
easily,RB,O
be,VB,O
find,VBN,O
to,TO,O
take,VB,O
charge,NN,O
of,IN,O
the,DT,O
sufferer,NN,O
.,.,O
there,EX,O
would,MD,O
be,VB,O
no,DT,O
reason,NN,O
why,WRB,O
the,DT,O
latter,JJ,O
should,MD,O
not,RB,O
be,VB,O
allow,VBN,O
freedom,NN,O
after,IN,O
dark,NN,O
.,.,O
bleaching,NN,O
of,IN,O
the,DT,O
skin,NN,O
be,VBZ,O
a,DT,O
common,JJ,O
result,NN,O
of,IN,O
the,DT,O
disease,NN,O
.,.,O
the,DT,O
case,NN,O
be,VBD,O
a,DT,O
strong,JJ,O
one,CD,O
--,:,O
so,RB,O
strong,JJ,O
that,IN,O
I,PRP,O
determine,VBD,O
to,TO,O
act,VB,O
as,IN,O
if,IN,O
it,PRP,O
be,VBD,O
actually,RB,O
prove,VBN,O
.,.,O
when,WRB,O
on,IN,O
arrive,VBG,O
here,RB,O
I,PRP,O
notice,VBD,O
that,IN,O
Ralph,NNP,PERSON
",",",",O
who,WP,O
carry,VBZ,O
out,RP,O
the,DT,O
meal,NNS,O
",",",",O
have,VBD,O
glove,NNS,O
which,WDT,O
be,VBP,O
impregnate,VBN,O
with,IN,O
disinfectant,NNS,O
",",",",O
my,PRP$,O
last,JJ,O
doubt,NNS,O
be,VBD,O
remove,VBN,O
.,.,O
a,DT,O
single,JJ,O
word,NN,O
show,VBD,O
you,PRP,O
",",",",O
sir,NN,O
",",",",O
that,IN,O
you,PRP$,O
secret,NN,O
be,VBD,O
discover,VBN,O
",",",",O
and,CC,O
if,IN,O
I,PRP,O
write,VBD,O
rather,RB,O
than,IN,O
say,VBD,O
it,PRP,O
",",",",O
it,PRP,O
be,VBD,O
to,TO,O
prove,VB,O
to,IN,O
you,PRP,O
that,IN,O
my,PRP$,O
discretion,NN,O
be,VBD,O
to,TO,O
be,VB,O
trust,VBN,O
.,.,O
"""",``,O
I,PRP,O
be,VBD,O
finish,VBG,O
this,DT,O
little,JJ,O
analysis,NN,O
of,IN,O
the,DT,O
case,NN,O
when,WRB,O
the,DT,O
door,NN,O
be,VBD,O
open,VBN,O
and,CC,O
the,DT,O
austere,JJ,O
figure,NN,O
of,IN,O
the,DT,O
great,JJ,O
dermatologist,NN,O
be,VBD,O
usher,VBN,O
in,RB,O
.,.,O
but,CC,O
for,IN,O
once,RB,O
he,PRP$,O
sphinx,NN,O
-,HYPH,O
like,JJ,O
feature,NNS,O
have,VBD,O
relax,VBN,O
and,CC,O
there,EX,O
be,VBD,O
a,DT,O
warm,JJ,O
humanity,NN,O
in,IN,O
he,PRP$,O
eye,NNS,O
.,.,O
he,PRP,O
stride,VBD,O
up,RP,O
to,IN,O
Colonel,NNP,O
Emsworth,NNP,PERSON
and,CC,O
shake,VBD,O
he,PRP,O
by,IN,O
the,DT,O
hand,NN,O
.,.,O
"""",``,O
it,PRP,O
be,VBZ,O
often,RB,O
my,PRP$,O
lot,NN,O
to,TO,O
bring,VB,O
ill,RB,O
-,HYPH,O
tiding,NNS,O
and,CC,O
seldom,RB,O
good,JJ,O
",",",",O
"""",'',O
say,VBD,O
he,PRP,O
.,.,O
"""",``,O
this,DT,O
occasion,NN,O
be,VBZ,O
the,DT,O
more,RBR,O
welcome,JJ,O
.,.,O
it,PRP,O
be,VBZ,O
not,RB,O
leprosy,NN,O
.,.,O
"""",``,O
"""",``,O
what,WP,O
?,.,O
"""",``,O
"""",``,O
a,DT,O
well,RB,O
-,HYPH,O
mark,VBN,O
case,NN,O
of,IN,O
pseudo-leprosy,NN,O
or,CC,O
ichthyosis,NN,O
",",",",O
a,DT,O
scale,NN,O
-,HYPH,O
like,JJ,O
affection,NN,O
of,IN,O
the,DT,O
skin,NN,O
",",",",O
unsightly,RB,O
",",",",O
obstinate,NN,O
",",",",O
but,CC,O
possibly,RB,O
curable,JJ,O
",",",",O
and,CC,O
certainly,RB,O
noninfective,JJ,O
.,.,O
yes,UH,O
",",",",O
Mr.,NNP,PERSON
Holmes,NNP,PERSON
",",",",O
the,DT,O
coincidence,NN,O
be,VBZ,O
a,DT,O
remarkable,JJ,O
one,NN,O
.,.,O
but,CC,O
be,VBZ,O
it,PRP,O
coincidence,NN,O
?,.,O
be,VBP,O
there,RB,O
not,RB,O
subtle,JJ,O
force,NNS,O
at,IN,O
work,NN,O
of,IN,O
which,WDT,O
we,PRP,O
know,VBP,O
little,JJ,O
?,.,O
be,VBP,O
we,PRP,O
assure,VBD,O
that,IN,O
the,DT,O
apprehension,NN,O
from,IN,O
which,WDT,O
this,DT,O
young,JJ,O
man,NN,O
have,VBZ,O
no,DT,O
doubt,NN,O
suffer,VBD,O
terribly,RB,O
since,IN,O
he,PRP$,O
exposure,NN,O
to,IN,O
its,PRP$,O
contagion,NN,O
may,MD,O
not,RB,O
produce,VB,O
a,DT,O
physical,JJ,O
effect,NN,O
which,WDT,O
simulate,VBZ,O
that,DT,O
which,WDT,O
it,PRP,O
fear,VBZ,O
?,.,O
at,IN,O
any,DT,O
rate,NN,O
",",",",O
I,PRP,O
pledge,VBP,O
my,PRP$,O
professional,JJ,O
reputation,NN,O
--,:,O
but,CC,O
the,DT,O
lady,NN,O
have,VBZ,O
faint,VBN,O
!,.,O
I,PRP,O
think,VBP,O
that,IN,O
Mr.,NNP,O
Kent,NNP,LOCATION
have,VBD,O
better,JJR,O
be,VB,O
with,IN,O
she,PRP,O
until,IN,O
she,PRP,O
recover,VBZ,O
from,IN,O
this,DT,O
joyous,JJ,O
shock,NN,O
.,.,O
"""",``,O
